This is XeTeX, Version 3.141592653-2.6-0.999997 (TeX Live 2025) (preloaded format=xelatex 2025.6.26)  1 SEP 2026 19:55
entering extended mode
 \write18 enabled.
 %&-line parsing enabled.
**build/whitepaper.tex
(./build/whitepaper.tex
LaTeX2e <2024-11-01> patch level 2
L3 programming layer <2025-01-18>
(d:/envroot/idea/texlive/2025/texmf-dist/tex/latex/ctex/ctexbook.cls
(d:/envroot/idea/texlive/2025/texmf-dist/tex/latex/ctex/config/ctexbackend.cfg
File: ctexbackend.cfg 2022/07/14 v2.5.10 Backend configuration file (CTEX)
) (d:/envroot/idea/texlive/2025/texmf-dist/tex/latex/l3kernel/expl3.sty
Package: expl3 2025-01-18 L3 programming layer (loader) 

(d:/envroot/idea/texlive/2025/texmf-dist/tex/latex/l3backend/l3backend-xetex.de
f
File: l3backend-xetex.def 2024-05-08 L3 backend support: XeTeX
\g__graphics_track_int=\count192
\l__pdf_internal_box=\box52
\g__pdf_backend_annotation_int=\count193
\g__pdf_backend_link_int=\count194
))
Document Class: ctexbook 2022/07/14 v2.5.10 Chinese adapter for class book (CTE
X)
(d:/envroot/idea/texlive/2025/texmf-dist/tex/latex/ctex/ctexhook.sty
Package: ctexhook 2022/07/14 v2.5.10 Document and package hooks (CTEX)
)
(d:/envroot/idea/texlive/2025/texmf-dist/tex/latex/ctex/ctexpatch.sty
Package: ctexpatch 2022/07/14 v2.5.10 Patching commands (CTEX)
)
(d:/envroot/idea/texlive/2025/texmf-dist/tex/latex/base/fix-cm.sty
Package: fix-cm 2020/11/24 v1.1t fixes to LaTeX

(d:/envroot/idea/texlive/2025/texmf-dist/tex/latex/base/ts1enc.def
File: ts1enc.def 2001/06/05 v3.0e (jk/car/fm) Standard LaTeX file
LaTeX Font Info:    Redeclaring font encoding TS1 on input line 47.
))
\l__ctex_tmp_int=\count195
\l__ctex_tmp_box=\box53
\l__ctex_tmp_dim=\dimen141
\g__ctex_section_depth_int=\count196
\g__ctex_font_size_int=\count197

(d:/envroot/idea/texlive/2025/texmf-dist/tex/latex/ctex/config/ctexopts.cfg
File: ctexopts.cfg 2022/07/14 v2.5.10 Option configuration file (CTEX)
)
(d:/envroot/idea/texlive/2025/texmf-dist/tex/latex/base/book.cls
Document Class: book 2024/06/29 v1.4n Standard LaTeX document class
(d:/envroot/idea/texlive/2025/texmf-dist/tex/latex/base/bk12.clo
File: bk12.clo 2024/06/29 v1.4n Standard LaTeX file (size option)
)
\c@part=\count198
\c@chapter=\count199
\c@section=\count266
\c@subsection=\count267
\c@subsubsection=\count268
\c@paragraph=\count269
\c@subparagraph=\count270
\c@figure=\count271
\c@table=\count272
\abovecaptionskip=\skip49
\belowcaptionskip=\skip50
\bibindent=\dimen142
)
(d:/envroot/idea/texlive/2025/texmf-dist/tex/latex/ctex/engine/ctex-engine-xete
x.def
File: ctex-engine-xetex.def 2022/07/14 v2.5.10 XeLaTeX adapter (CTEX)
 (d:/envroot/idea/texlive/2025/texmf-dist/tex/xelatex/xecjk/xeCJK.sty
Package: xeCJK 2022/08/05 v3.9.1 Typesetting CJK scripts with XeLaTeX

(d:/envroot/idea/texlive/2025/texmf-dist/tex/latex/l3packages/xtemplate/xtempla
te.sty
Package: xtemplate 2024-08-16 L3 Experimental prototype document functions
)
\l__xeCJK_tmp_int=\count273
\l__xeCJK_tmp_box=\box54
\l__xeCJK_tmp_dim=\dimen143
\l__xeCJK_tmp_skip=\skip51
\g__xeCJK_space_factor_int=\count274
\l__xeCJK_begin_int=\count275
\l__xeCJK_end_int=\count276
\c__xeCJK_CJK_class_int=\XeTeXcharclass1
\c__xeCJK_FullLeft_class_int=\XeTeXcharclass2
\c__xeCJK_FullRight_class_int=\XeTeXcharclass3
\c__xeCJK_HalfLeft_class_int=\XeTeXcharclass4
\c__xeCJK_HalfRight_class_int=\XeTeXcharclass5
\c__xeCJK_NormalSpace_class_int=\XeTeXcharclass6
\c__xeCJK_CM_class_int=\XeTeXcharclass7
\c__xeCJK_HangulJamo_class_int=\XeTeXcharclass8
\l__xeCJK_last_skip=\skip52
\c__xeCJK_none_node=\count277
\g__xeCJK_node_int=\count278
\c__xeCJK_CJK_node_dim=\dimen144
\c__xeCJK_CJK-space_node_dim=\dimen145
\c__xeCJK_default_node_dim=\dimen146
\c__xeCJK_CJK-widow_node_dim=\dimen147
\c__xeCJK_normalspace_node_dim=\dimen148
\c__xeCJK_default-space_node_skip=\skip53
\l__xeCJK_ccglue_skip=\skip54
\l__xeCJK_ecglue_skip=\skip55
\l__xeCJK_punct_kern_skip=\skip56
\l__xeCJK_indent_box=\box55
\l__xeCJK_last_penalty_int=\count279
\l__xeCJK_last_bound_dim=\dimen149
\l__xeCJK_last_kern_dim=\dimen150
\l__xeCJK_widow_penalty_int=\count280

LaTeX template Info: Declaring template type 'xeCJK/punctuation' taking 0
(template)           argument(s) on line 2396.

\l__xeCJK_fixed_punct_width_dim=\dimen151
\l__xeCJK_mixed_punct_width_dim=\dimen152
\l__xeCJK_middle_punct_width_dim=\dimen153
\l__xeCJK_fixed_margin_width_dim=\dimen154
\l__xeCJK_mixed_margin_width_dim=\dimen155
\l__xeCJK_middle_margin_width_dim=\dimen156
\l__xeCJK_bound_punct_width_dim=\dimen157
\l__xeCJK_bound_margin_width_dim=\dimen158
\l__xeCJK_margin_minimum_dim=\dimen159
\l__xeCJK_kerning_total_width_dim=\dimen160
\l__xeCJK_same_align_margin_dim=\dimen161
\l__xeCJK_different_align_margin_dim=\dimen162
\l__xeCJK_kerning_margin_width_dim=\dimen163
\l__xeCJK_kerning_margin_minimum_dim=\dimen164
\l__xeCJK_bound_dim=\dimen165
\l__xeCJK_reverse_bound_dim=\dimen166
\l__xeCJK_margin_dim=\dimen167
\l__xeCJK_minimum_bound_dim=\dimen168
\l__xeCJK_kerning_margin_dim=\dimen169
\g__xeCJK_family_int=\count281
\l__xeCJK_fam_int=\count282
\g__xeCJK_fam_allocation_int=\count283
\l__xeCJK_verb_case_int=\count284
\l__xeCJK_verb_exspace_skip=\skip57

(d:/envroot/idea/texlive/2025/texmf-dist/tex/latex/fontspec/fontspec.sty
(d:/envroot/idea/texlive/2025/texmf-dist/tex/latex/l3packages/xparse/xparse.sty
Package: xparse 2024-08-16 L3 Experimental document command parser
)
Package: fontspec 2024/05/11 v2.9e Font selection for XeLaTeX and LuaLaTeX

(d:/envroot/idea/texlive/2025/texmf-dist/tex/latex/fontspec/fontspec-xetex.sty
Package: fontspec-xetex 2024/05/11 v2.9e Font selection for XeLaTeX and LuaLaTe
X
\l__fontspec_script_int=\count285
\l__fontspec_language_int=\count286
\l__fontspec_strnum_int=\count287
\l__fontspec_tmp_int=\count288
\l__fontspec_tmpa_int=\count289
\l__fontspec_tmpb_int=\count290
\l__fontspec_tmpc_int=\count291
\l__fontspec_em_int=\count292
\l__fontspec_emdef_int=\count293
\l__fontspec_strong_int=\count294
\l__fontspec_strongdef_int=\count295
\l__fontspec_tmpa_dim=\dimen170
\l__fontspec_tmpb_dim=\dimen171
\l__fontspec_tmpc_dim=\dimen172

(d:/envroot/idea/texlive/2025/texmf-dist/tex/latex/base/fontenc.sty
Package: fontenc 2021/04/29 v2.0v Standard LaTeX package
)
(d:/envroot/idea/texlive/2025/texmf-dist/tex/latex/fontspec/fontspec.cfg)))
(d:/envroot/idea/texlive/2025/texmf-dist/tex/xelatex/xecjk/xeCJK.cfg
File: xeCJK.cfg 2022/08/05 v3.9.1 Configuration file for xeCJK package
))
\ccwd=\dimen173
\l__ctex_ccglue_skip=\skip58
)
\l__ctex_ziju_dim=\dimen174

(d:/envroot/idea/texlive/2025/texmf-dist/tex/latex/zhnumber/zhnumber.sty
Package: zhnumber 2022/07/14 v3.0 Typesetting numbers with Chinese glyphs
\l__zhnum_scale_int=\count296
\l__zhnum_tmp_int=\count297

(d:/envroot/idea/texlive/2025/texmf-dist/tex/latex/zhnumber/zhnumber-utf8.cfg
File: zhnumber-utf8.cfg 2022/07/14 v3.0 Chinese numerals with UTF8 encoding
))
\l__ctex_heading_skip=\skip59

(d:/envroot/idea/texlive/2025/texmf-dist/tex/latex/ctex/scheme/ctex-scheme-chin
ese-book.def
File: ctex-scheme-chinese-book.def 2022/07/14 v2.5.10 Chinese scheme for book (
CTEX)

(d:/envroot/idea/texlive/2025/texmf-dist/tex/latex/ctex/config/ctex-name-utf8.c
fg
File: ctex-name-utf8.cfg 2022/07/14 v2.5.10 Caption with encoding UTF-8 (CTEX)
))
(d:/envroot/idea/texlive/2025/texmf-dist/tex/latex/ctex/fontset/ctex-fontset-wi
ndows.def
File: ctex-fontset-windows.def 2022/07/14 v2.5.10 Windows fonts definition (CTE
X)

Package fontspec Info: 
(fontspec)             Could not resolve font "KaiTi/B" (it probably doesn't
(fontspec)             exist).


Package fontspec Info: 
(fontspec)             Could not resolve font "SimHei/I" (it probably doesn't
(fontspec)             exist).


Package fontspec Info: 
(fontspec)             Could not resolve font "SimSun/BI" (it probably doesn't
(fontspec)             exist).


Package fontspec Info: 
(fontspec)             Font family 'SimSun(0)' created for font 'SimSun' with
(fontspec)             options
(fontspec)             [Script={CJK},BoldFont={SimHei},ItalicFont={KaiTi}].
(fontspec)              
(fontspec)              This font family consists of the following NFSS
(fontspec)             series/shapes:
(fontspec)              
(fontspec)             - 'normal' (m/n) with NFSS spec.:
(fontspec)             <->"SimSun/OT:script=hani;language=dflt;"
(fontspec)             - 'bold' (b/n) with NFSS spec.:
(fontspec)             <->"SimHei/OT:script=hani;language=dflt;"
(fontspec)             - 'italic' (m/it) with NFSS spec.:
(fontspec)             <->"KaiTi/OT:script=hani;language=dflt;"

))
(d:/envroot/idea/texlive/2025/texmf-dist/tex/latex/ctex/config/ctex.cfg
File: ctex.cfg 2022/07/14 v2.5.10 Configuration file (CTEX)
)

Package xeCJK Warning: Redefining CJKfamily `\CJKrmdefault' (SimSun(0)).


Package xeCJK Warning: Redefining CJKfamily `\CJKsfdefault' (Microsoft YaHei).


Package xeCJK Warning: Redefining CJKfamily `\CJKttdefault' (FangSong).


Package fontspec Info: 
(fontspec)             Font family 'TimesNewRoman(0)' created for font 'Times
(fontspec)             New Roman' with options [Ligatures=TeX].
(fontspec)              
(fontspec)              This font family consists of the following NFSS
(fontspec)             series/shapes:
(fontspec)              
(fontspec)             - 'normal' (m/n) with NFSS spec.: <->"Times New
(fontspec)             Roman/OT:script=latn;language=dflt;mapping=tex-text;"
(fontspec)             - 'small caps'  (m/sc) with NFSS spec.: <->"Times New
(fontspec)             Roman/OT:script=latn;language=dflt;+smcp;mapping=tex-tex
t;"
(fontspec)             - 'bold' (b/n) with NFSS spec.: <->"Times New
(fontspec)             Roman/B/OT:script=latn;language=dflt;mapping=tex-text;"
(fontspec)             - 'bold small caps'  (b/sc) with NFSS spec.: <->"Times
(fontspec)             New
(fontspec)             Roman/B/OT:script=latn;language=dflt;+smcp;mapping=tex-t
ext;"
(fontspec)             - 'italic' (m/it) with NFSS spec.: <->"Times New
(fontspec)             Roman/I/OT:script=latn;language=dflt;mapping=tex-text;"
(fontspec)             - 'italic small caps'  (m/scit) with NFSS spec.:
(fontspec)             <->"Times New
(fontspec)             Roman/I/OT:script=latn;language=dflt;+smcp;mapping=tex-t
ext;"
(fontspec)             - 'bold italic' (b/it) with NFSS spec.: <->"Times New
(fontspec)             Roman/BI/OT:script=latn;language=dflt;mapping=tex-text;"

(fontspec)             - 'bold italic small caps'  (b/scit) with NFSS spec.:
(fontspec)             <->"Times New
(fontspec)             Roman/BI/OT:script=latn;language=dflt;+smcp;mapping=tex-
text;"

(d:/envroot/idea/texlive/2025/texmf-dist/tex/latex/geometry/geometry.sty
Package: geometry 2020/01/02 v5.9 Page Geometry

(d:/envroot/idea/texlive/2025/texmf-dist/tex/latex/graphics/keyval.sty
Package: keyval 2022/05/29 v1.15 key=value parser (DPC)
\KV@toks@=\toks17
)
(d:/envroot/idea/texlive/2025/texmf-dist/tex/generic/iftex/ifvtex.sty
Package: ifvtex 2019/10/25 v1.7 ifvtex legacy package. Use iftex instead.

(d:/envroot/idea/texlive/2025/texmf-dist/tex/generic/iftex/iftex.sty
Package: iftex 2024/12/12 v1.0g TeX engine tests
))
\Gm@cnth=\count298
\Gm@cntv=\count299
\c@Gm@tempcnt=\count300
\Gm@bindingoffset=\dimen175
\Gm@wd@mp=\dimen176
\Gm@odd@mp=\dimen177
\Gm@even@mp=\dimen178
\Gm@layoutwidth=\dimen179
\Gm@layoutheight=\dimen180
\Gm@layouthoffset=\dimen181
\Gm@layoutvoffset=\dimen182
\Gm@dimlist=\toks18
)
(d:/envroot/idea/texlive/2025/texmf-dist/tex/latex-dev/amsmath/amsmath.sty
Package: amsmath 2025/01/19 v2.17u AMS math features
\@mathmargin=\skip60

For additional information on amsmath, use the `?' option.
(d:/envroot/idea/texlive/2025/texmf-dist/tex/latex-dev/amsmath/amstext.sty
Package: amstext 2024/11/17 v2.01 AMS text

(d:/envroot/idea/texlive/2025/texmf-dist/tex/latex-dev/amsmath/amsgen.sty
File: amsgen.sty 1999/11/30 v2.0 generic functions
\@emptytoks=\toks19
\ex@=\dimen183
))
(d:/envroot/idea/texlive/2025/texmf-dist/tex/latex-dev/amsmath/amsbsy.sty
Package: amsbsy 1999/11/29 v1.2d Bold Symbols
\pmbraise@=\dimen184
)
(d:/envroot/idea/texlive/2025/texmf-dist/tex/latex-dev/amsmath/amsopn.sty
Package: amsopn 2022/04/08 v2.04 operator names
)
\inf@bad=\count301
LaTeX Info: Redefining \frac on input line 233.
\uproot@=\count302
\leftroot@=\count303
LaTeX Info: Redefining \overline on input line 398.
LaTeX Info: Redefining \colon on input line 409.
\classnum@=\count304
\DOTSCASE@=\count305
LaTeX Info: Redefining \ldots on input line 495.
LaTeX Info: Redefining \dots on input line 498.
LaTeX Info: Redefining \cdots on input line 619.
\Mathstrutbox@=\box56
\strutbox@=\box57
LaTeX Info: Redefining \big on input line 721.
LaTeX Info: Redefining \Big on input line 722.
LaTeX Info: Redefining \bigg on input line 723.
LaTeX Info: Redefining \Bigg on input line 724.
\big@size=\dimen185
LaTeX Font Info:    Redeclaring font encoding OML on input line 742.
LaTeX Font Info:    Redeclaring font encoding OMS on input line 743.
\macc@depth=\count306
LaTeX Info: Redefining \bmod on input line 904.
LaTeX Info: Redefining \pmod on input line 909.
LaTeX Info: Redefining \smash on input line 939.
LaTeX Info: Redefining \relbar on input line 969.
LaTeX Info: Redefining \Relbar on input line 970.
\c@MaxMatrixCols=\count307
\dotsspace@=\muskip17
\c@parentequation=\count308
\dspbrk@lvl=\count309
\tag@help=\toks20
\row@=\count310
\column@=\count311
\maxfields@=\count312
\andhelp@=\toks21
\eqnshift@=\dimen186
\alignsep@=\dimen187
\tagshift@=\dimen188
\tagwidth@=\dimen189
\totwidth@=\dimen190
\lineht@=\dimen191
\@envbody=\toks22
\multlinegap=\skip61
\multlinetaggap=\skip62
\mathdisplay@stack=\toks23
LaTeX Info: Redefining \[ on input line 2953.
LaTeX Info: Redefining \] on input line 2954.
)
(d:/envroot/idea/texlive/2025/texmf-dist/tex/latex/amsfonts/amssymb.sty
Package: amssymb 2013/01/14 v3.01 AMS font symbols

(d:/envroot/idea/texlive/2025/texmf-dist/tex/latex/amsfonts/amsfonts.sty
Package: amsfonts 2013/01/14 v3.01 Basic AMSFonts support
\symAMSa=\mathgroup4
\symAMSb=\mathgroup5
LaTeX Font Info:    Redeclaring math symbol \hbar on input line 98.
LaTeX Font Info:    Overwriting math alphabet `\mathfrak' in version `bold'
(Font)                  U/euf/m/n --> U/euf/b/n on input line 106.
))
(d:/envroot/idea/texlive/2025/texmf-dist/tex/latex/fancyhdr/fancyhdr.sty
Package: fancyhdr 2025/02/07 v5.2 Extensive control of page headers and footers

\f@nch@headwidth=\skip63
\f@nch@offset@elh=\skip64
\f@nch@offset@erh=\skip65
\f@nch@offset@olh=\skip66
\f@nch@offset@orh=\skip67
\f@nch@offset@elf=\skip68
\f@nch@offset@erf=\skip69
\f@nch@offset@olf=\skip70
\f@nch@offset@orf=\skip71
\f@nch@height=\skip72
\f@nch@footalignment=\skip73
\f@nch@widthL=\skip74
\f@nch@widthC=\skip75
\f@nch@widthR=\skip76
\@temptokenb=\toks24
)
(d:/envroot/idea/texlive/2025/texmf-dist/tex/latex/caption/caption.sty
Package: caption 2023/08/05 v3.6o Customizing captions (AR)

(d:/envroot/idea/texlive/2025/texmf-dist/tex/latex/caption/caption3.sty
Package: caption3 2023/07/31 v2.4d caption3 kernel (AR)
\caption@tempdima=\dimen192
\captionmargin=\dimen193
\caption@leftmargin=\dimen194
\caption@rightmargin=\dimen195
\caption@width=\dimen196
\caption@indent=\dimen197
\caption@parindent=\dimen198
\caption@hangindent=\dimen199
Package caption Info: Standard document class detected.
)
\c@caption@flags=\count313
\c@continuedfloat=\count314
)
(d:/envroot/idea/texlive/2025/texmf-dist/tex/latex/tools/array.sty
Package: array 2024/10/17 v2.6g Tabular extension package (FMi)
\col@sep=\dimen256
\ar@mcellbox=\box58
\extrarowheight=\dimen257
\NC@list=\toks25
\extratabsurround=\skip77
\backup@length=\skip78
\ar@cellbox=\box59
)
(d:/envroot/idea/texlive/2025/texmf-dist/tex/latex/booktabs/booktabs.sty
Package: booktabs 2020/01/12 v1.61803398 Publication quality tables
\heavyrulewidth=\dimen258
\lightrulewidth=\dimen259
\cmidrulewidth=\dimen260
\belowrulesep=\dimen261
\belowbottomsep=\dimen262
\aboverulesep=\dimen263
\abovetopsep=\dimen264
\cmidrulesep=\dimen265
\cmidrulekern=\dimen266
\defaultaddspace=\dimen267
\@cmidla=\count315
\@cmidlb=\count316
\@aboverulesep=\dimen268
\@belowrulesep=\dimen269
\@thisruleclass=\count317
\@lastruleclass=\count318
\@thisrulewidth=\dimen270
)
(d:/envroot/idea/texlive/2025/texmf-dist/tex/latex/tools/longtable.sty
Package: longtable 2024-10-27 v4.22 Multi-page Table package (DPC)
\LTleft=\skip79
\LTright=\skip80
\LTpre=\skip81
\LTpost=\skip82
\LTchunksize=\count319
\LTcapwidth=\dimen271
\LT@head=\box60
\LT@firsthead=\box61
\LT@foot=\box62
\LT@lastfoot=\box63
\LT@gbox=\box64
\LT@cols=\count320
\LT@rows=\count321
\c@LT@tables=\count322
\c@LT@chunks=\count323
\LT@p@ftn=\toks26
)
(d:/envroot/idea/texlive/2025/texmf-dist/tex/latex/tools/tabularx.sty
Package: tabularx 2023/12/11 v2.12a `tabularx' package (DPC)
\TX@col@width=\dimen272
\TX@old@table=\dimen273
\TX@old@col=\dimen274
\TX@target=\dimen275
\TX@delta=\dimen276
\TX@cols=\count324
\TX@ftn=\toks27
)
(d:/envroot/idea/texlive/2025/texmf-dist/tex/latex/multirow/multirow.sty
Package: multirow 2024/11/12 v2.9 Span multiple rows of a table
\multirow@colwidth=\skip83
\multirow@cntb=\count325
\multirow@dima=\skip84
\bigstrutjot=\dimen277
)
(d:/envroot/idea/texlive/2025/texmf-dist/tex/latex/makecell/makecell.sty
Package: makecell 2009/08/03 V0.1e Managing of Tab Column Heads and Cells
\rotheadsize=\dimen278
\c@nlinenum=\count326
\TeXr@lab=\toks28
)
(d:/envroot/idea/texlive/2025/texmf-dist/tex/latex/tools/calc.sty
Package: calc 2023/07/08 v4.3 Infix arithmetic (KKT,FJ)
\calc@Acount=\count327
\calc@Bcount=\count328
\calc@Adimen=\dimen279
\calc@Bdimen=\dimen280
\calc@Askip=\skip85
\calc@Bskip=\skip86
LaTeX Info: Redefining \setlength on input line 80.
LaTeX Info: Redefining \addtolength on input line 81.
\calc@Ccount=\count329
\calc@Cskip=\skip87
)
(d:/envroot/idea/texlive/2025/texmf-dist/tex/latex/graphics/graphicx.sty
Package: graphicx 2021/09/16 v1.2d Enhanced LaTeX Graphics (DPC,SPQR)

(d:/envroot/idea/texlive/2025/texmf-dist/tex/latex/graphics/graphics.sty
Package: graphics 2024/08/06 v1.4g Standard LaTeX Graphics (DPC,SPQR)

(d:/envroot/idea/texlive/2025/texmf-dist/tex/latex/graphics/trig.sty
Package: trig 2023/12/02 v1.11 sin cos tan (DPC)
)
(d:/envroot/idea/texlive/2025/texmf-dist/tex/latex/graphics-cfg/graphics.cfg
File: graphics.cfg 2016/06/04 v1.11 sample graphics configuration
)
Package graphics Info: Driver file: xetex.def on input line 106.

(d:/envroot/idea/texlive/2025/texmf-dist/tex/latex/graphics-def/xetex.def
File: xetex.def 2022/09/22 v5.0n Graphics/color driver for xetex
))
\Gin@req@height=\dimen281
\Gin@req@width=\dimen282
)
(d:/envroot/idea/texlive/2025/texmf-dist/tex/latex/float/float.sty
Package: float 2001/11/08 v1.3d Float enhancements (AL)
\c@float@type=\count330
\float@exts=\toks29
\float@box=\box65
\@float@everytoks=\toks30
\@floatcapt=\box66
)
(d:/envroot/idea/texlive/2025/texmf-dist/tex/latex/hyperref/hyperref.sty
Package: hyperref 2024-11-05 v7.01l Hypertext links for LaTeX

(d:/envroot/idea/texlive/2025/texmf-dist/tex/latex/kvsetkeys/kvsetkeys.sty
Package: kvsetkeys 2022-10-05 v1.19 Key value parser (HO)
)
(d:/envroot/idea/texlive/2025/texmf-dist/tex/generic/kvdefinekeys/kvdefinekeys.
sty
Package: kvdefinekeys 2019-12-19 v1.6 Define keys (HO)
)
(d:/envroot/idea/texlive/2025/texmf-dist/tex/generic/pdfescape/pdfescape.sty
Package: pdfescape 2019/12/09 v1.15 Implements pdfTeX's escape features (HO)

(d:/envroot/idea/texlive/2025/texmf-dist/tex/generic/ltxcmds/ltxcmds.sty
Package: ltxcmds 2023-12-04 v1.26 LaTeX kernel commands for general use (HO)
)
(d:/envroot/idea/texlive/2025/texmf-dist/tex/generic/pdftexcmds/pdftexcmds.sty
Package: pdftexcmds 2020-06-27 v0.33 Utility functions of pdfTeX for LuaTeX (HO
)

(d:/envroot/idea/texlive/2025/texmf-dist/tex/generic/infwarerr/infwarerr.sty
Package: infwarerr 2019/12/03 v1.5 Providing info/warning/error messages (HO)
)
Package pdftexcmds Info: \pdf@primitive is available.
Package pdftexcmds Info: \pdf@ifprimitive is available.
Package pdftexcmds Info: \pdfdraftmode not found.
)) (d:/envroot/idea/texlive/2025/texmf-dist/tex/latex/hycolor/hycolor.sty
Package: hycolor 2020-01-27 v1.10 Color options for hyperref/bookmark (HO)
)
(d:/envroot/idea/texlive/2025/texmf-dist/tex/latex/hyperref/nameref.sty
Package: nameref 2023-11-26 v2.56 Cross-referencing by name of section

(d:/envroot/idea/texlive/2025/texmf-dist/tex/latex/refcount/refcount.sty
Package: refcount 2019/12/15 v3.6 Data extraction from label references (HO)
)
(d:/envroot/idea/texlive/2025/texmf-dist/tex/generic/gettitlestring/gettitlestr
ing.sty
Package: gettitlestring 2019/12/15 v1.6 Cleanup title references (HO)

(d:/envroot/idea/texlive/2025/texmf-dist/tex/latex/kvoptions/kvoptions.sty
Package: kvoptions 2022-06-15 v3.15 Key value format for package options (HO)
))
\c@section@level=\count331
)
(d:/envroot/idea/texlive/2025/texmf-dist/tex/latex/etoolbox/etoolbox.sty
Package: etoolbox 2025/02/11 v2.5l e-TeX tools for LaTeX (JAW)
\etb@tempcnta=\count332
)
(d:/envroot/idea/texlive/2025/texmf-dist/tex/generic/stringenc/stringenc.sty
Package: stringenc 2019/11/29 v1.12 Convert strings between diff. encodings (HO
)
)
\@linkdim=\dimen283
\Hy@linkcounter=\count333
\Hy@pagecounter=\count334

(d:/envroot/idea/texlive/2025/texmf-dist/tex/latex/hyperref/pd1enc.def
File: pd1enc.def 2024-11-05 v7.01l Hyperref: PDFDocEncoding definition (HO)
)
(d:/envroot/idea/texlive/2025/texmf-dist/tex/generic/intcalc/intcalc.sty
Package: intcalc 2019/12/15 v1.3 Expandable calculations with integers (HO)
)
\Hy@SavedSpaceFactor=\count335

(d:/envroot/idea/texlive/2025/texmf-dist/tex/latex/hyperref/puenc.def
File: puenc.def 2024-11-05 v7.01l Hyperref: PDF Unicode definition (HO)
)
Package hyperref Info: Option `unicode' set `true' on input line 4040.
Package hyperref Info: Option `colorlinks' set `true' on input line 4040.
Package hyperref Info: Hyper figures OFF on input line 4157.
Package hyperref Info: Link nesting OFF on input line 4162.
Package hyperref Info: Hyper index ON on input line 4165.
Package hyperref Info: Plain pages OFF on input line 4172.
Package hyperref Info: Backreferencing OFF on input line 4177.
Package hyperref Info: Implicit mode ON; LaTeX internals redefined.
Package hyperref Info: Bookmarks ON on input line 4424.
\c@Hy@tempcnt=\count336

(d:/envroot/idea/texlive/2025/texmf-dist/tex/latex/url/url.sty
\Urlmuskip=\muskip18
Package: url 2013/09/16  ver 3.4  Verb mode for urls, etc.
)
LaTeX Info: Redefining \url on input line 4763.
\XeTeXLinkMargin=\dimen284

(d:/envroot/idea/texlive/2025/texmf-dist/tex/generic/bitset/bitset.sty
Package: bitset 2019/12/09 v1.3 Handle bit-vector datatype (HO)

(d:/envroot/idea/texlive/2025/texmf-dist/tex/generic/bigintcalc/bigintcalc.sty
Package: bigintcalc 2019/12/15 v1.5 Expandable calculations on big integers (HO
)
))
\Fld@menulength=\count337
\Field@Width=\dimen285
\Fld@charsize=\dimen286
Package hyperref Info: Hyper figures OFF on input line 6042.
Package hyperref Info: Link nesting OFF on input line 6047.
Package hyperref Info: Hyper index ON on input line 6050.
Package hyperref Info: backreferencing OFF on input line 6057.
Package hyperref Info: Link coloring ON on input line 6060.
Package hyperref Info: Link coloring with OCG OFF on input line 6067.
Package hyperref Info: PDF/A mode OFF on input line 6072.
 (d:/envroot/idea/texlive/2025/texmf-dist/tex/latex/base/atbegshi-ltx.sty
Package: atbegshi-ltx 2021/01/10 v1.0c Emulation of the original atbegshi
package with kernel methods
)
\Hy@abspage=\count338
\c@Item=\count339
\c@Hfootnote=\count340
)
Package hyperref Info: Driver (autodetected): hxetex.

(d:/envroot/idea/texlive/2025/texmf-dist/tex/latex/hyperref/hxetex.def
File: hxetex.def 2024-11-05 v7.01l Hyperref driver for XeTeX
\pdfm@box=\box67
\c@Hy@AnnotLevel=\count341
\HyField@AnnotCount=\count342
\Fld@listcount=\count343
\c@bookmark@seq@number=\count344

(d:/envroot/idea/texlive/2025/texmf-dist/tex/latex/rerunfilecheck/rerunfilechec
k.sty
Package: rerunfilecheck 2022-07-10 v1.10 Rerun checks for auxiliary files (HO)
 (d:/envroot/idea/texlive/2025/texmf-dist/tex/latex/base/atveryend-ltx.sty
Package: atveryend-ltx 2020/08/19 v1.0a Emulation of the original atveryend pac
kage
with kernel methods
)
(d:/envroot/idea/texlive/2025/texmf-dist/tex/generic/uniquecounter/uniquecounte
r.sty
Package: uniquecounter 2019/12/15 v1.4 Provide unlimited unique counter (HO)
)
Package uniquecounter Info: New unique counter `rerunfilecheck' on input line 2
85.
)
\Hy@SectionHShift=\skip88
)
(d:/envroot/idea/texlive/2025/texmf-dist/tex/latex/listings/listings.sty
\lst@mode=\count345
\lst@gtempboxa=\box68
\lst@token=\toks31
\lst@length=\count346
\lst@currlwidth=\dimen287
\lst@column=\count347
\lst@pos=\count348
\lst@lostspace=\dimen288
\lst@width=\dimen289
\lst@newlines=\count349
\lst@lineno=\count350
\lst@maxwidth=\dimen290

(d:/envroot/idea/texlive/2025/texmf-dist/tex/latex/listings/lstpatch.sty
File: lstpatch.sty 2024/09/23 1.10c (Carsten Heinz)
)
(d:/envroot/idea/texlive/2025/texmf-dist/tex/latex/listings/lstmisc.sty
File: lstmisc.sty 2024/09/23 1.10c (Carsten Heinz)
\c@lstnumber=\count351
\lst@skipnumbers=\count352
\lst@framebox=\box69
)
(d:/envroot/idea/texlive/2025/texmf-dist/tex/latex/listings/listings.cfg
File: listings.cfg 2024/09/23 1.10c listings configuration
))
Package: listings 2024/09/23 1.10c (Carsten Heinz)

(d:/envroot/idea/texlive/2025/texmf-dist/tex/xelatex/xecjk/xeCJK-listings.sty
Package: xeCJK-listings 2022/08/05 v3.9.1 xeCJK patch file for listings
\l__xeCJK_listings_max_char_int=\count353
\l__xeCJK_listings_flag_int=\count354
)
(d:/envroot/idea/texlive/2025/texmf-dist/tex/latex/fancyvrb/fancyvrb.sty
Package: fancyvrb 2024/01/20 4.5c verbatim text (tvz,hv)
\FV@CodeLineNo=\count355
\FV@InFile=\read2
\FV@TabBox=\box70
\c@FancyVerbLine=\count356
\FV@StepNumber=\count357
\FV@OutFile=\write3
)
(d:/envroot/idea/texlive/2025/texmf-dist/tex/latex/graphics/color.sty
Package: color 2024/06/23 v1.3e Standard LaTeX Color (DPC)

(d:/envroot/idea/texlive/2025/texmf-dist/tex/latex/graphics-cfg/color.cfg
File: color.cfg 2016/01/02 v1.6 sample color configuration
)
Package color Info: Driver file: xetex.def on input line 149.

(d:/envroot/idea/texlive/2025/texmf-dist/tex/latex/graphics/mathcolor.ltx))
(d:/envroot/idea/texlive/2025/texmf-dist/tex/latex/tools/indentfirst.sty
Package: indentfirst 2023/07/02 v1.03 Indent first paragraph (DPC)
)
\c@none=\count358

(build/whitepaper.aux)
\openout1 = `whitepaper.aux'.

LaTeX Font Info:    Checking defaults for OML/cmm/m/it on input line 115.
LaTeX Font Info:    ... okay on input line 115.
LaTeX Font Info:    Checking defaults for OMS/cmsy/m/n on input line 115.
LaTeX Font Info:    ... okay on input line 115.
LaTeX Font Info:    Checking defaults for OT1/cmr/m/n on input line 115.
LaTeX Font Info:    ... okay on input line 115.
LaTeX Font Info:    Checking defaults for T1/cmr/m/n on input line 115.
LaTeX Font Info:    ... okay on input line 115.
LaTeX Font Info:    Checking defaults for TS1/cmr/m/n on input line 115.
LaTeX Font Info:    ... okay on input line 115.
LaTeX Font Info:    Checking defaults for TU/lmr/m/n on input line 115.
LaTeX Font Info:    ... okay on input line 115.
LaTeX Font Info:    Checking defaults for OMX/cmex/m/n on input line 115.
LaTeX Font Info:    ... okay on input line 115.
LaTeX Font Info:    Checking defaults for U/cmr/m/n on input line 115.
LaTeX Font Info:    ... okay on input line 115.
LaTeX Font Info:    Checking defaults for PD1/pdf/m/n on input line 115.
LaTeX Font Info:    ... okay on input line 115.
LaTeX Font Info:    Checking defaults for PU/pdf/m/n on input line 115.
LaTeX Font Info:    ... okay on input line 115.

Package fontspec Info: 
(fontspec)             Adjusting the maths setup (use [no-math] to avoid
(fontspec)             this).

\symlegacymaths=\mathgroup6
LaTeX Font Info:    Overwriting symbol font `legacymaths' in version `bold'
(Font)                  OT1/cmr/m/n --> OT1/cmr/bx/n on input line 115.
LaTeX Font Info:    Redeclaring math accent \acute on input line 115.
LaTeX Font Info:    Redeclaring math accent \grave on input line 115.
LaTeX Font Info:    Redeclaring math accent \ddot on input line 115.
LaTeX Font Info:    Redeclaring math accent \tilde on input line 115.
LaTeX Font Info:    Redeclaring math accent \bar on input line 115.
LaTeX Font Info:    Redeclaring math accent \breve on input line 115.
LaTeX Font Info:    Redeclaring math accent \check on input line 115.
LaTeX Font Info:    Redeclaring math accent \hat on input line 115.
LaTeX Font Info:    Redeclaring math accent \dot on input line 115.
LaTeX Font Info:    Redeclaring math accent \mathring on input line 115.
LaTeX Font Info:    Redeclaring math symbol \Gamma on input line 115.
LaTeX Font Info:    Redeclaring math symbol \Delta on input line 115.
LaTeX Font Info:    Redeclaring math symbol \Theta on input line 115.
LaTeX Font Info:    Redeclaring math symbol \Lambda on input line 115.
LaTeX Font Info:    Redeclaring math symbol \Xi on input line 115.
LaTeX Font Info:    Redeclaring math symbol \Pi on input line 115.
LaTeX Font Info:    Redeclaring math symbol \Sigma on input line 115.
LaTeX Font Info:    Redeclaring math symbol \Upsilon on input line 115.
LaTeX Font Info:    Redeclaring math symbol \Phi on input line 115.
LaTeX Font Info:    Redeclaring math symbol \Psi on input line 115.
LaTeX Font Info:    Redeclaring math symbol \Omega on input line 115.
LaTeX Font Info:    Redeclaring math symbol \mathdollar on input line 115.
LaTeX Font Info:    Redeclaring symbol font `operators' on input line 115.
LaTeX Font Info:    Encoding `OT1' has changed to `TU' for symbol font
(Font)              `operators' in the math version `normal' on input line 115.

LaTeX Font Info:    Overwriting symbol font `operators' in version `normal'
(Font)                  OT1/cmr/m/n --> TU/TimesNewRoman(0)/m/n on input line 1
15.
LaTeX Font Info:    Encoding `OT1' has changed to `TU' for symbol font
(Font)              `operators' in the math version `bold' on input line 115.
LaTeX Font Info:    Overwriting symbol font `operators' in version `bold'
(Font)                  OT1/cmr/bx/n --> TU/TimesNewRoman(0)/m/n on input line 
115.
LaTeX Font Info:    Overwriting symbol font `operators' in version `normal'
(Font)                  TU/TimesNewRoman(0)/m/n --> TU/TimesNewRoman(0)/m/n on 
input line 115.
LaTeX Font Info:    Overwriting math alphabet `\mathit' in version `normal'
(Font)                  OT1/cmr/m/it --> TU/TimesNewRoman(0)/m/it on input line
 115.
LaTeX Font Info:    Overwriting math alphabet `\mathbf' in version `normal'
(Font)                  OT1/cmr/bx/n --> TU/TimesNewRoman(0)/b/n on input line 
115.
LaTeX Font Info:    Overwriting math alphabet `\mathsf' in version `normal'
(Font)                  OT1/cmss/m/n --> TU/lmss/m/n on input line 115.
LaTeX Font Info:    Overwriting math alphabet `\mathtt' in version `normal'
(Font)                  OT1/cmtt/m/n --> TU/lmtt/m/n on input line 115.
LaTeX Font Info:    Overwriting symbol font `operators' in version `bold'
(Font)                  TU/TimesNewRoman(0)/m/n --> TU/TimesNewRoman(0)/b/n on 
input line 115.
LaTeX Font Info:    Overwriting math alphabet `\mathit' in version `bold'
(Font)                  OT1/cmr/bx/it --> TU/TimesNewRoman(0)/b/it on input lin
e 115.
LaTeX Font Info:    Overwriting math alphabet `\mathsf' in version `bold'
(Font)                  OT1/cmss/bx/n --> TU/lmss/b/n on input line 115.
LaTeX Font Info:    Overwriting math alphabet `\mathtt' in version `bold'
(Font)                  OT1/cmtt/m/n --> TU/lmtt/b/n on input line 115.

*geometry* driver: auto-detecting
*geometry* detected driver: xetex
*geometry* verbose mode - [ preamble ] result:
* driver: xetex
* paper: a4paper
* layout: <same size as paper>
* layoutoffset:(h,v)=(0.0pt,0.0pt)
* modes: twoside 
* h-part:(L,W,R)=(71.13188pt, 455.24411pt, 71.13188pt)
* v-part:(T,H,B)=(71.13188pt, 702.78308pt, 71.13188pt)
* \paperwidth=597.50787pt
* \paperheight=845.04684pt
* \textwidth=455.24411pt
* \textheight=702.78308pt
* \oddsidemargin=-1.1381pt
* \evensidemargin=-1.1381pt
* \topmargin=-33.0119pt
* \headheight=12.0pt
* \headsep=19.8738pt
* \topskip=12.0pt
* \footskip=30.0pt
* \marginparwidth=88.0pt
* \marginparsep=7.0pt
* \columnsep=10.0pt
* \skip\footins=10.8pt plus 4.0pt minus 2.0pt
* \hoffset=0.0pt
* \voffset=0.0pt
* \mag=1000
* \@twocolumnfalse
* \@twosidetrue
* \@mparswitchtrue
* \@reversemarginfalse
* (1in=72.27pt=25.4mm, 1cm=28.453pt)

Package caption Info: Begin \AtBeginDocument code.
Package caption Info: float package is loaded.
Package caption Info: hyperref package is loaded.
Package caption Info: listings package is loaded.
Package caption Info: longtable package is loaded.
(d:/envroot/idea/texlive/2025/texmf-dist/tex/latex/caption/ltcaption.sty
Package: ltcaption 2021/01/08 v1.4c longtable captions (AR)
)
Package caption Info: End \AtBeginDocument code.
Package hyperref Info: Link coloring ON on input line 115.

(build/whitepaper.out) (build/whitepaper.out)
\@outlinefile=\write4
\openout4 = `whitepaper.out'.

\c@lstlisting=\count359


[1


]
Overfull \hbox (2.06346pt too wide) in paragraph at lines 151--153
\TU/SimSun(0)/b/n/12 关 键 词：|  \TU/SimSun(0)/m/n/12 智 能 软 件 工 程 软 件 工 程 大 语 言 模 
型 \TU/TimesNewRoman(0)/m/n/12 AI \TU/SimSun(0)/m/n/12 原 生 软 件 工 程 软 件 工 程 \TU/T
imesNewRoman(0)/m/n/12 3.0 \TU/SimSun(0)/m/n/12 智 能 体 \TU/TimesNewRoman(0)/m/n/
12 MLOps\TU/SimSun(0)/m/n/12 。| 
 []



[2

] (build/whitepaper.toc
LaTeX Font Info:    Trying to load font information for U+msa on input line 3.

(d:/envroot/idea/texlive/2025/texmf-dist/tex/latex/amsfonts/umsa.fd
File: umsa.fd 2013/01/14 v3.01 AMS symbols A
)
LaTeX Font Info:    Trying to load font information for U+msb on input line 3.

(d:/envroot/idea/texlive/2025/texmf-dist/tex/latex/amsfonts/umsb.fd
File: umsb.fd 2013/01/14 v3.01 AMS symbols B
)

[3


]


Package fancyhdr Warning: \headheight is too small (12.0pt): 
(fancyhdr)                Make it at least 13.59999pt, for example:
(fancyhdr)                \setlength{\headheight}{13.59999pt}.
(fancyhdr)                You might also make \topmargin smaller:
(fancyhdr)                \addtolength{\topmargin}{-1.59999pt}.

[4]


Package fancyhdr Warning: \headheight is too small (12.0pt): 
(fancyhdr)                Make it at least 13.59999pt, for example:
(fancyhdr)                \setlength{\headheight}{13.59999pt}.
(fancyhdr)                You might also make \topmargin smaller:
(fancyhdr)                \addtolength{\topmargin}{-1.59999pt}.

[5]


Package fancyhdr Warning: \headheight is too small (12.0pt): 
(fancyhdr)                Make it at least 13.59999pt, for example:
(fancyhdr)                \setlength{\headheight}{13.59999pt}.
(fancyhdr)                You might also make \topmargin smaller:
(fancyhdr)                \addtolength{\topmargin}{-1.59999pt}.

[6]


Package fancyhdr Warning: \headheight is too small (12.0pt): 
(fancyhdr)                Make it at least 13.59999pt, for example:
(fancyhdr)                \setlength{\headheight}{13.59999pt}.
(fancyhdr)                You might also make \topmargin smaller:
(fancyhdr)                \addtolength{\topmargin}{-1.59999pt}.

[7]


Package fancyhdr Warning: \headheight is too small (12.0pt): 
(fancyhdr)                Make it at least 13.59999pt, for example:
(fancyhdr)                \setlength{\headheight}{13.59999pt}.
(fancyhdr)                You might also make \topmargin smaller:
(fancyhdr)                \addtolength{\topmargin}{-1.59999pt}.

[8]


Package fancyhdr Warning: \headheight is too small (12.0pt): 
(fancyhdr)                Make it at least 13.59999pt, for example:
(fancyhdr)                \setlength{\headheight}{13.59999pt}.
(fancyhdr)                You might also make \topmargin smaller:
(fancyhdr)                \addtolength{\topmargin}{-1.59999pt}.

[9]


Package fancyhdr Warning: \headheight is too small (12.0pt): 
(fancyhdr)                Make it at least 13.59999pt, for example:
(fancyhdr)                \setlength{\headheight}{13.59999pt}.
(fancyhdr)                You might also make \topmargin smaller:
(fancyhdr)                \addtolength{\topmargin}{-1.59999pt}.

[10]
Underfull \vbox (badness 7397) has occurred while \output is active []




Package fancyhdr Warning: \headheight is too small (12.0pt): 
(fancyhdr)                Make it at least 13.59999pt, for example:
(fancyhdr)                \setlength{\headheight}{13.59999pt}.
(fancyhdr)                You might also make \topmargin smaller:
(fancyhdr)                \addtolength{\topmargin}{-1.59999pt}.

[11]


Package fancyhdr Warning: \headheight is too small (12.0pt): 
(fancyhdr)                Make it at least 13.59999pt, for example:
(fancyhdr)                \setlength{\headheight}{13.59999pt}.
(fancyhdr)                You might also make \topmargin smaller:
(fancyhdr)                \addtolength{\topmargin}{-1.59999pt}.

[12])
\tf@toc=\write5
\openout5 = `whitepaper.toc'.




Package fancyhdr Warning: \headheight is too small (12.0pt): 
(fancyhdr)                Make it at least 13.59999pt, for example:
(fancyhdr)                \setlength{\headheight}{13.59999pt}.
(fancyhdr)                You might also make \topmargin smaller:
(fancyhdr)                \addtolength{\topmargin}{-1.59999pt}.

[13]

[14

]
第一章

Underfull \hbox (badness 10000) in alignment at lines 214--218
[] []
 []


Underfull \hbox (badness 10000) in alignment at lines 218--220
[] []
 []


Underfull \hbox (badness 10000) in alignment at lines 220--225
[] []
 []

File: images/chap01-software-error-01.jpg Graphic file (type bmp)
<images/chap01-software-error-01.jpg>

Underfull \vbox (badness 2990) has occurred while \output is active []



[15

]
File: images/chap01-software-error-02.jpg Graphic file (type bmp)
<images/chap01-software-error-02.jpg>

Underfull \hbox (badness 10000) in alignment at lines 242--246
[] []
 []


Underfull \hbox (badness 10000) in alignment at lines 246--248
[] []
 []


Underfull \hbox (badness 10000) in alignment at lines 248--253
[] []
 []


Package fancyhdr Warning: \headheight is too small (12.0pt): 
(fancyhdr)                Make it at least 13.59999pt, for example:
(fancyhdr)                \setlength{\headheight}{13.59999pt}.
(fancyhdr)                You might also make \topmargin smaller:
(fancyhdr)                \addtolength{\topmargin}{-1.59999pt}.

[16]
File: images/0101-se-triple.png Graphic file (type bmp)
<images/0101-se-triple.png>

Underfull \hbox (badness 10000) in alignment at lines 284--288
[] [] [] []
 []


Underfull \hbox (badness 10000) in alignment at lines 288--290
[] [] [] []
 []


Underfull \hbox (badness 10000) in alignment at lines 290--294
[] [] [] []
 []




Package fancyhdr Warning: \headheight is too small (12.0pt): 
(fancyhdr)                Make it at least 13.59999pt, for example:
(fancyhdr)                \setlength{\headheight}{13.59999pt}.
(fancyhdr)                You might also make \topmargin smaller:
(fancyhdr)                \addtolength{\topmargin}{-1.59999pt}.

[17]
Underfull \hbox (badness 10000) in alignment at lines 320--324
[] []
 []


Underfull \hbox (badness 10000) in alignment at lines 324--326
[] []
 []


Underfull \hbox (badness 10000) in alignment at lines 326--330
[] []
 []




Package fancyhdr Warning: \headheight is too small (12.0pt): 
(fancyhdr)                Make it at least 13.59999pt, for example:
(fancyhdr)                \setlength{\headheight}{13.59999pt}.
(fancyhdr)                You might also make \topmargin smaller:
(fancyhdr)                \addtolength{\topmargin}{-1.59999pt}.

[18]
Underfull \hbox (badness 10000) in alignment at lines 365--369
[] []
 []


Underfull \hbox (badness 10000) in alignment at lines 369--371
[] []
 []


Underfull \hbox (badness 10000) in alignment at lines 371--376
[] []
 []


Underfull \hbox (badness 10000) in alignment at lines 387--391
[] []
 []


Underfull \hbox (badness 10000) in alignment at lines 391--393
[] []
 []


Underfull \hbox (badness 10000) in alignment at lines 393--399
[] []
 []




Package fancyhdr Warning: \headheight is too small (12.0pt): 
(fancyhdr)                Make it at least 13.59999pt, for example:
(fancyhdr)                \setlength{\headheight}{13.59999pt}.
(fancyhdr)                You might also make \topmargin smaller:
(fancyhdr)                \addtolength{\topmargin}{-1.59999pt}.

[19]
Underfull \hbox (badness 10000) in alignment at lines 433--437
[] []
 []


Underfull \hbox (badness 10000) in alignment at lines 437--439
[] []
 []


Underfull \hbox (badness 10000) in alignment at lines 439--443
[] []
 []




Package fancyhdr Warning: \headheight is too small (12.0pt): 
(fancyhdr)                Make it at least 13.59999pt, for example:
(fancyhdr)                \setlength{\headheight}{13.59999pt}.
(fancyhdr)                You might also make \topmargin smaller:
(fancyhdr)                \addtolength{\topmargin}{-1.59999pt}.

[20]
Underfull \hbox (badness 10000) in alignment at lines 460--470
[] [] []
 []


Underfull \hbox (badness 10000) in alignment at lines 470--472
[] [] []
 []


Underfull \hbox (badness 10000) in alignment at lines 472--482
[] [] []
 []


Underfull \hbox (badness 10000) in alignment at lines 496--500
[] []
 []


Underfull \hbox (badness 10000) in alignment at lines 500--502
[] []
 []


Underfull \hbox (badness 10000) in alignment at lines 502--513
[] []
 []




Package fancyhdr Warning: \headheight is too small (12.0pt): 
(fancyhdr)                Make it at least 13.59999pt, for example:
(fancyhdr)                \setlength{\headheight}{13.59999pt}.
(fancyhdr)                You might also make \topmargin smaller:
(fancyhdr)                \addtolength{\topmargin}{-1.59999pt}.

[21]
File: images/chap01-swebok.png Graphic file (type bmp)
<images/chap01-swebok.png>

Underfull \hbox (badness 10000) in alignment at lines 525--529
[] [] []
 []


Underfull \hbox (badness 10000) in alignment at lines 529--531
[] [] []
 []


Underfull \hbox (badness 10000) in alignment at lines 531--540
[] [] []
 []


Package fancyhdr Warning: \headheight is too small (12.0pt): 
(fancyhdr)                Make it at least 13.59999pt, for example:
(fancyhdr)                \setlength{\headheight}{13.59999pt}.
(fancyhdr)                You might also make \topmargin smaller:
(fancyhdr)                \addtolength{\topmargin}{-1.59999pt}.

[22]
File: images/0102-lifecycle.png Graphic file (type bmp)
<images/0102-lifecycle.png>
File: images/0103-lifecycle-models.png Graphic file (type bmp)
<images/0103-lifecycle-models.png>



Package fancyhdr Warning: \headheight is too small (12.0pt): 
(fancyhdr)                Make it at least 13.59999pt, for example:
(fancyhdr)                \setlength{\headheight}{13.59999pt}.
(fancyhdr)                You might also make \topmargin smaller:
(fancyhdr)                \addtolength{\topmargin}{-1.59999pt}.

[23]
Underfull \hbox (badness 10000) in alignment at lines 577--581
[] [] []
 []


Underfull \hbox (badness 10000) in alignment at lines 581--583
[] [] []
 []


Underfull \hbox (badness 10000) in alignment at lines 583--592
[] [] []
 []




Package fancyhdr Warning: \headheight is too small (12.0pt): 
(fancyhdr)                Make it at least 13.59999pt, for example:
(fancyhdr)                \setlength{\headheight}{13.59999pt}.
(fancyhdr)                You might also make \topmargin smaller:
(fancyhdr)                \addtolength{\topmargin}{-1.59999pt}.

[24]
File: images/0100-knowledge-map.png Graphic file (type bmp)
<images/0100-knowledge-map.png>

Underfull \hbox (badness 10000) in alignment at lines 626--640
[] [] [] [] []
 []


Underfull \hbox (badness 10000) in alignment at lines 640--642
[] [] [] [] []
 []


Underfull \hbox (badness 10000) in alignment at lines 642--655
[] [] [] [] []
 []


Package fancyhdr Warning: \headheight is too small (12.0pt): 
(fancyhdr)                Make it at least 13.59999pt, for example:
(fancyhdr)                \setlength{\headheight}{13.59999pt}.
(fancyhdr)                You might also make \topmargin smaller:
(fancyhdr)                \addtolength{\topmargin}{-1.59999pt}.

[25]

Package fontspec Info: 
(fontspec)             Could not resolve font "FangSong/BI" (it probably
(fontspec)             doesn't exist).


Package fontspec Info: 
(fontspec)             Could not resolve font "FangSong/B" (it probably
(fontspec)             doesn't exist).


Package fontspec Info: 
(fontspec)             Could not resolve font "FangSong/I" (it probably
(fontspec)             doesn't exist).


Package fontspec Info: 
(fontspec)             Font family 'FangSong(0)' created for font 'FangSong'
(fontspec)             with options [Script={CJK}].
(fontspec)              
(fontspec)              This font family consists of the following NFSS
(fontspec)             series/shapes:
(fontspec)              
(fontspec)             - 'normal' (m/n) with NFSS spec.:
(fontspec)             <->"FangSong/OT:script=hani;language=dflt;"


Underfull \hbox (badness 10000) in alignment at lines 689--701
[] [] [] []
 []


Underfull \hbox (badness 10000) in alignment at lines 701--703
[] [] [] []
 []


Underfull \hbox (badness 10000) in alignment at lines 703--714
[] [] [] []
 []




Package fancyhdr Warning: \headheight is too small (12.0pt): 
(fancyhdr)                Make it at least 13.59999pt, for example:
(fancyhdr)                \setlength{\headheight}{13.59999pt}.
(fancyhdr)                You might also make \topmargin smaller:
(fancyhdr)                \addtolength{\topmargin}{-1.59999pt}.

[26]
Underfull \hbox (badness 10000) in alignment at lines 733--743
[] [] []
 []


Underfull \hbox (badness 10000) in alignment at lines 743--745
[] [] []
 []


Underfull \hbox (badness 10000) in alignment at lines 745--753
[] [] []
 []


Underfull \vbox (badness 10000) has occurred while \output is active []




Package fancyhdr Warning: \headheight is too small (12.0pt): 
(fancyhdr)                Make it at least 13.59999pt, for example:
(fancyhdr)                \setlength{\headheight}{13.59999pt}.
(fancyhdr)                You might also make \topmargin smaller:
(fancyhdr)                \addtolength{\topmargin}{-1.59999pt}.

[27]
Underfull \hbox (badness 10000) in alignment at lines 776--780
[] [] []
 []


Underfull \hbox (badness 10000) in alignment at lines 780--782
[] [] []
 []


Underfull \hbox (badness 10000) in alignment at lines 782--789
[] [] []
 []

File: images/0100-ai4se-se4ai.png Graphic file (type bmp)
<images/0100-ai4se-se4ai.png>

Underfull \vbox (badness 10000) has occurred while \output is active []




Package fancyhdr Warning: \headheight is too small (12.0pt): 
(fancyhdr)                Make it at least 13.59999pt, for example:
(fancyhdr)                \setlength{\headheight}{13.59999pt}.
(fancyhdr)                You might also make \topmargin smaller:
(fancyhdr)                \addtolength{\topmargin}{-1.59999pt}.

[28]
Underfull \hbox (badness 10000) in alignment at lines 812--816
[] [] []
 []


Underfull \hbox (badness 10000) in alignment at lines 816--818
[] [] []
 []


Underfull \hbox (badness 10000) in alignment at lines 818--823
[] [] []
 []

File: images/0100-ai-native-stack.png Graphic file (type bmp)
<images/0100-ai-native-stack.png>

Underfull \vbox (badness 7777) has occurred while \output is active []




Package fancyhdr Warning: \headheight is too small (12.0pt): 
(fancyhdr)                Make it at least 13.59999pt, for example:
(fancyhdr)                \setlength{\headheight}{13.59999pt}.
(fancyhdr)                You might also make \topmargin smaller:
(fancyhdr)                \addtolength{\topmargin}{-1.59999pt}.

[29]


Package fancyhdr Warning: \headheight is too small (12.0pt): 
(fancyhdr)                Make it at least 13.59999pt, for example:
(fancyhdr)                \setlength{\headheight}{13.59999pt}.
(fancyhdr)                You might also make \topmargin smaller:
(fancyhdr)                \addtolength{\topmargin}{-1.59999pt}.

[30]
第二章

Underfull \hbox (badness 10000) in alignment at lines 859--863
[] []
 []


Underfull \hbox (badness 10000) in alignment at lines 863--865
[] []
 []


Underfull \hbox (badness 10000) in alignment at lines 865--869
[] []
 []

File: images/0201-structured-method.png Graphic file (type bmp)
<images/0201-structured-method.png>

Underfull \vbox (badness 10000) has occurred while \output is active []



[31

]
File: images/chap03-method-04-object-01.png Graphic file (type bmp)
<images/chap03-method-04-object-01.png>
File: images/chap03-method-04-object-03.png Graphic file (type bmp)
<images/chap03-method-04-object-03.png>

Underfull \vbox (badness 10000) has occurred while \output is active []




Package fancyhdr Warning: \headheight is too small (12.0pt): 
(fancyhdr)                Make it at least 13.59999pt, for example:
(fancyhdr)                \setlength{\headheight}{13.59999pt}.
(fancyhdr)                You might also make \topmargin smaller:
(fancyhdr)                \addtolength{\topmargin}{-1.59999pt}.

[32]
File: images/chap03-method-04-object-04.png Graphic file (type bmp)
<images/chap03-method-04-object-04.png>
File: images/chap03-method-04-object-05.png Graphic file (type bmp)
<images/chap03-method-04-object-05.png>



Package fancyhdr Warning: \headheight is too small (12.0pt): 
(fancyhdr)                Make it at least 13.59999pt, for example:
(fancyhdr)                \setlength{\headheight}{13.59999pt}.
(fancyhdr)                You might also make \topmargin smaller:
(fancyhdr)                \addtolength{\topmargin}{-1.59999pt}.

[33]
Underfull \hbox (badness 10000) in alignment at lines 910--914
[] [] []
 []


Underfull \hbox (badness 10000) in alignment at lines 914--916
[] [] []
 []


Underfull \hbox (badness 10000) in alignment at lines 916--921
[] [] []
 []

File: images/0204-oo-principles.png Graphic file (type bmp)
<images/0204-oo-principles.png>



Package fancyhdr Warning: \headheight is too small (12.0pt): 
(fancyhdr)                Make it at least 13.59999pt, for example:
(fancyhdr)                \setlength{\headheight}{13.59999pt}.
(fancyhdr)                You might also make \topmargin smaller:
(fancyhdr)                \addtolength{\topmargin}{-1.59999pt}.

[34]
Underfull \hbox (badness 10000) in alignment at lines 969--979
[] [] []
 []


Underfull \hbox (badness 10000) in alignment at lines 979--981
[] [] []
 []


Underfull \hbox (badness 10000) in alignment at lines 981--987
[] [] []
 []




Package fancyhdr Warning: \headheight is too small (12.0pt): 
(fancyhdr)                Make it at least 13.59999pt, for example:
(fancyhdr)                \setlength{\headheight}{13.59999pt}.
(fancyhdr)                You might also make \topmargin smaller:
(fancyhdr)                \addtolength{\topmargin}{-1.59999pt}.

[35]
Underfull \hbox (badness 10000) in alignment at lines 1041--1053
[] [] [] []
 []


Underfull \hbox (badness 10000) in alignment at lines 1053--1055
[] [] [] []
 []


Underfull \hbox (badness 10000) in alignment at lines 1055--1062
[] [] [] []
 []




Package fancyhdr Warning: \headheight is too small (12.0pt): 
(fancyhdr)                Make it at least 13.59999pt, for example:
(fancyhdr)                \setlength{\headheight}{13.59999pt}.
(fancyhdr)                You might also make \topmargin smaller:
(fancyhdr)                \addtolength{\topmargin}{-1.59999pt}.

[36]
Underfull \hbox (badness 10000) in alignment at lines 1072--1076
[] [] []
 []


Underfull \hbox (badness 10000) in alignment at lines 1076--1078
[] [] []
 []


Underfull \hbox (badness 10000) in alignment at lines 1078--1083
[] [] []
 []

File: images/0202-component-service.png Graphic file (type bmp)
<images/0202-component-service.png>

Underfull \vbox (badness 10000) has occurred while \output is active []




Package fancyhdr Warning: \headheight is too small (12.0pt): 
(fancyhdr)                Make it at least 13.59999pt, for example:
(fancyhdr)                \setlength{\headheight}{13.59999pt}.
(fancyhdr)                You might also make \topmargin smaller:
(fancyhdr)                \addtolength{\topmargin}{-1.59999pt}.

[37]
Underfull \hbox (badness 10000) in alignment at lines 1099--1103
[] [] []
 []


Underfull \hbox (badness 10000) in alignment at lines 1103--1105
[] [] []
 []


Underfull \hbox (badness 10000) in alignment at lines 1105--1110
[] [] []
 []


Underfull \hbox (badness 10000) in alignment at lines 1119--1123
[] []
 []


Underfull \hbox (badness 10000) in alignment at lines 1123--1125
[] []
 []


Underfull \hbox (badness 10000) in alignment at lines 1125--1129
[] []
 []

File: images/0203-agile-loop.png Graphic file (type bmp)
<images/0203-agile-loop.png>

Underfull \vbox (badness 3058) has occurred while \output is active []




Package fancyhdr Warning: \headheight is too small (12.0pt): 
(fancyhdr)                Make it at least 13.59999pt, for example:
(fancyhdr)                \setlength{\headheight}{13.59999pt}.
(fancyhdr)                You might also make \topmargin smaller:
(fancyhdr)                \addtolength{\topmargin}{-1.59999pt}.

[38]
File: images/0200-evolution-path.png Graphic file (type bmp)
<images/0200-evolution-path.png>

Underfull \vbox (badness 10000) has occurred while \output is active []




Package fancyhdr Warning: \headheight is too small (12.0pt): 
(fancyhdr)                Make it at least 13.59999pt, for example:
(fancyhdr)                \setlength{\headheight}{13.59999pt}.
(fancyhdr)                You might also make \topmargin smaller:
(fancyhdr)                \addtolength{\topmargin}{-1.59999pt}.

[39]
Underfull \hbox (badness 10000) in alignment at lines 1160--1172
[] [] [] []
 []


Underfull \hbox (badness 10000) in alignment at lines 1172--1174
[] [] [] []
 []


Underfull \hbox (badness 10000) in alignment at lines 1174--1179
[] [] [] []
 []


Underfull \hbox (badness 10000) in alignment at lines 1200--1212
[] [] [] []
 []


Underfull \hbox (badness 10000) in alignment at lines 1212--1214
[] [] [] []
 []


Underfull \hbox (badness 10000) in alignment at lines 1214--1223
[] [] [] []
 []


Package fancyhdr Warning: \headheight is too small (12.0pt): 
(fancyhdr)                Make it at least 13.59999pt, for example:
(fancyhdr)                \setlength{\headheight}{13.59999pt}.
(fancyhdr)                You might also make \topmargin smaller:
(fancyhdr)                \addtolength{\topmargin}{-1.59999pt}.

[40]
Underfull \hbox (badness 10000) in alignment at lines 1247--1257
[] [] []
 []


Underfull \hbox (badness 10000) in alignment at lines 1257--1259
[] [] []
 []


Underfull \hbox (badness 10000) in alignment at lines 1259--1268
[] [] []
 []




Package fancyhdr Warning: \headheight is too small (12.0pt): 
(fancyhdr)                Make it at least 13.59999pt, for example:
(fancyhdr)                \setlength{\headheight}{13.59999pt}.
(fancyhdr)                You might also make \topmargin smaller:
(fancyhdr)                \addtolength{\topmargin}{-1.59999pt}.

[41]
Underfull \hbox (badness 10000) in alignment at lines 1305--1317
[] [] [] []
 []


Underfull \hbox (badness 10000) in alignment at lines 1317--1319
[] [] [] []
 []


Underfull \hbox (badness 10000) in alignment at lines 1319--1328
[] [] [] []
 []




Package fancyhdr Warning: \headheight is too small (12.0pt): 
(fancyhdr)                Make it at least 13.59999pt, for example:
(fancyhdr)                \setlength{\headheight}{13.59999pt}.
(fancyhdr)                You might also make \topmargin smaller:
(fancyhdr)                \addtolength{\topmargin}{-1.59999pt}.

[42]
Overfull \hbox (42.01457pt too wide) in paragraph at lines 1348--1353
[]\TU/TimesNewRoman(0)/m/n/12 AI \TU/SimSun(0)/m/n/12 的 第 一 版 输 出 了 一 个 完 整 的 \
TU/TimesNewRoman(0)/m/n/12 LoanRecord \TU/SimSun(0)/m/n/12 类：|  字 段 私 有、|  提 供 
只 读 \TU/TimesNewRoman(0)/m/n/12 getter\TU/SimSun(0)/m/n/12 ，| \TU/lmtt/m/n/12 i
sOverdue(today)
 []


Underfull \hbox (badness 10000) in alignment at lines 1368--1378
[] [] []
 []


Underfull \hbox (badness 10000) in alignment at lines 1378--1380
[] [] []
 []


Underfull \hbox (badness 10000) in alignment at lines 1380--1389
[] [] []
 []

File: images/0200-method-selection.png Graphic file (type bmp)
<images/0200-method-selection.png>



Package fancyhdr Warning: \headheight is too small (12.0pt): 
(fancyhdr)                Make it at least 13.59999pt, for example:
(fancyhdr)                \setlength{\headheight}{13.59999pt}.
(fancyhdr)                You might also make \topmargin smaller:
(fancyhdr)                \addtolength{\topmargin}{-1.59999pt}.

[43]
Underfull \hbox (badness 10000) in alignment at lines 1410--1414
[] [] [] []
 []


Underfull \hbox (badness 10000) in alignment at lines 1414--1416
[] [] [] []
 []


Underfull \hbox (badness 10000) in alignment at lines 1416--1421
[] [] [] []
 []

File: images/0200-intent-driven.png Graphic file (type bmp)
<images/0200-intent-driven.png>

Underfull \vbox (badness 10000) has occurred while \output is active []




Package fancyhdr Warning: \headheight is too small (12.0pt): 
(fancyhdr)                Make it at least 13.59999pt, for example:
(fancyhdr)                \setlength{\headheight}{13.59999pt}.
(fancyhdr)                You might also make \topmargin smaller:
(fancyhdr)                \addtolength{\topmargin}{-1.59999pt}.

[44]
File: images/chap12-process-proc-01.png Graphic file (type bmp)
<images/chap12-process-proc-01.png>
File: images/chap12-process-proc-02.png Graphic file (type bmp)
<images/chap12-process-proc-02.png>
File: images/chap12-process-proc-03.png Graphic file (type bmp)
<images/chap12-process-proc-03.png>

Underfull \vbox (badness 10000) has occurred while \output is active []




Package fancyhdr Warning: \headheight is too small (12.0pt): 
(fancyhdr)                Make it at least 13.59999pt, for example:
(fancyhdr)                \setlength{\headheight}{13.59999pt}.
(fancyhdr)                You might also make \topmargin smaller:
(fancyhdr)                \addtolength{\topmargin}{-1.59999pt}.

[45]
File: images/chap12-process-proc-05.png Graphic file (type bmp)
<images/chap12-process-proc-05.png>
File: images/chap12-process-framework.png Graphic file (type bmp)
<images/chap12-process-framework.png>



Package fancyhdr Warning: \headheight is too small (12.0pt): 
(fancyhdr)                Make it at least 13.59999pt, for example:
(fancyhdr)                \setlength{\headheight}{13.59999pt}.
(fancyhdr)                You might also make \topmargin smaller:
(fancyhdr)                \addtolength{\topmargin}{-1.59999pt}.

[46]
File: images/chap12-process-proc-11.png Graphic file (type bmp)
<images/chap12-process-proc-11.png>
File: images/chap12-process-proc-12.png Graphic file (type bmp)
<images/chap12-process-proc-12.png>
File: images/chap12-process-proc-13.png Graphic file (type bmp)
<images/chap12-process-proc-13.png>
File: images/chap12-process-proc-14.png Graphic file (type bmp)
<images/chap12-process-proc-14.png>

Underfull \vbox (badness 10000) has occurred while \output is active []




Package fancyhdr Warning: \headheight is too small (12.0pt): 
(fancyhdr)                Make it at least 13.59999pt, for example:
(fancyhdr)                \setlength{\headheight}{13.59999pt}.
(fancyhdr)                You might also make \topmargin smaller:
(fancyhdr)                \addtolength{\topmargin}{-1.59999pt}.

[47]
Underfull \hbox (badness 10000) in alignment at lines 1493--1505
[] [] [] []
 []


Underfull \hbox (badness 10000) in alignment at lines 1505--1507
[] [] [] []
 []


Underfull \hbox (badness 10000) in alignment at lines 1507--1513
[] [] [] []
 []

File: images/0302-model-selection.png Graphic file (type bmp)
<images/0302-model-selection.png>

Underfull \vbox (badness 1442) has occurred while \output is active []




Package fancyhdr Warning: \headheight is too small (12.0pt): 
(fancyhdr)                Make it at least 13.59999pt, for example:
(fancyhdr)                \setlength{\headheight}{13.59999pt}.
(fancyhdr)                You might also make \topmargin smaller:
(fancyhdr)                \addtolength{\topmargin}{-1.59999pt}.

[48]
Underfull \hbox (badness 10000) in alignment at lines 1563--1573
[] [] []
 []


Underfull \hbox (badness 10000) in alignment at lines 1573--1575
[] [] []
 []


Underfull \hbox (badness 10000) in alignment at lines 1575--1580
[] [] []
 []




Package fancyhdr Warning: \headheight is too small (12.0pt): 
(fancyhdr)                Make it at least 13.59999pt, for example:
(fancyhdr)                \setlength{\headheight}{13.59999pt}.
(fancyhdr)                You might also make \topmargin smaller:
(fancyhdr)                \addtolength{\topmargin}{-1.59999pt}.

[49]
Underfull \hbox (badness 10000) in alignment at lines 1586--1590
[] [] []
 []


Underfull \hbox (badness 10000) in alignment at lines 1590--1592
[] [] []
 []


Underfull \hbox (badness 10000) in alignment at lines 1592--1597
[] [] []
 []




Package fancyhdr Warning: \headheight is too small (12.0pt): 
(fancyhdr)                Make it at least 13.59999pt, for example:
(fancyhdr)                \setlength{\headheight}{13.59999pt}.
(fancyhdr)                You might also make \topmargin smaller:
(fancyhdr)                \addtolength{\topmargin}{-1.59999pt}.

[50]
File: images/chap12-process-proc-17.png Graphic file (type bmp)
<images/chap12-process-proc-17.png>

Underfull \hbox (badness 10000) in alignment at lines 1627--1631
[] [] []
 []


Underfull \hbox (badness 10000) in alignment at lines 1631--1633
[] [] []
 []


Underfull \hbox (badness 10000) in alignment at lines 1633--1638
[] [] []
 []


Underfull \vbox (badness 5008) has occurred while \output is active []




Package fancyhdr Warning: \headheight is too small (12.0pt): 
(fancyhdr)                Make it at least 13.59999pt, for example:
(fancyhdr)                \setlength{\headheight}{13.59999pt}.
(fancyhdr)                You might also make \topmargin smaller:
(fancyhdr)                \addtolength{\topmargin}{-1.59999pt}.

[51]
Underfull \hbox (badness 10000) in alignment at lines 1661--1665
[] [] []
 []


Underfull \hbox (badness 10000) in alignment at lines 1665--1667
[] [] []
 []


Underfull \hbox (badness 10000) in alignment at lines 1667--1672
[] [] []
 []

File: images/0301-quality-gate.png Graphic file (type bmp)
<images/0301-quality-gate.png>



Package fancyhdr Warning: \headheight is too small (12.0pt): 
(fancyhdr)                Make it at least 13.59999pt, for example:
(fancyhdr)                \setlength{\headheight}{13.59999pt}.
(fancyhdr)                You might also make \topmargin smaller:
(fancyhdr)                \addtolength{\topmargin}{-1.59999pt}.

[52]
Underfull \hbox (badness 10000) in alignment at lines 1693--1703
[] [] []
 []


Underfull \hbox (badness 10000) in alignment at lines 1703--1705
[] [] []
 []


Underfull \hbox (badness 10000) in alignment at lines 1705--1714
[] [] []
 []


Underfull \hbox (badness 10000) in alignment at lines 1722--1726
[] []
 []


Underfull \hbox (badness 10000) in alignment at lines 1726--1728
[] []
 []


Underfull \hbox (badness 10000) in alignment at lines 1728--1734
[] []
 []




Package fancyhdr Warning: \headheight is too small (12.0pt): 
(fancyhdr)                Make it at least 13.59999pt, for example:
(fancyhdr)                \setlength{\headheight}{13.59999pt}.
(fancyhdr)                You might also make \topmargin smaller:
(fancyhdr)                \addtolength{\topmargin}{-1.59999pt}.

[53]
Underfull \hbox (badness 10000) in alignment at lines 1756--1768
[] [] [] []
 []


Underfull \hbox (badness 10000) in alignment at lines 1768--1770
[] [] [] []
 []


Underfull \hbox (badness 10000) in alignment at lines 1770--1775
[] [] [] []
 []




Package fancyhdr Warning: \headheight is too small (12.0pt): 
(fancyhdr)                Make it at least 13.59999pt, for example:
(fancyhdr)                \setlength{\headheight}{13.59999pt}.
(fancyhdr)                You might also make \topmargin smaller:
(fancyhdr)                \addtolength{\topmargin}{-1.59999pt}.

[54]
File: images/0300-process-maturity.png Graphic file (type bmp)
<images/0300-process-maturity.png>

Underfull \vbox (badness 10000) has occurred while \output is active []




Package fancyhdr Warning: \headheight is too small (12.0pt): 
(fancyhdr)                Make it at least 13.59999pt, for example:
(fancyhdr)                \setlength{\headheight}{13.59999pt}.
(fancyhdr)                You might also make \topmargin smaller:
(fancyhdr)                \addtolength{\topmargin}{-1.59999pt}.

[55]
Underfull \hbox (badness 10000) in alignment at lines 1838--1842
[] [] []
 []


Underfull \hbox (badness 10000) in alignment at lines 1842--1844
[] [] []
 []


Underfull \hbox (badness 10000) in alignment at lines 1844--1850
[] [] []
 []


Underfull \hbox (badness 10000) in alignment at lines 1869--1879
[] [] []
 []


Underfull \hbox (badness 10000) in alignment at lines 1879--1881
[] [] []
 []


Underfull \hbox (badness 10000) in alignment at lines 1881--1890
[] [] []
 []




Package fancyhdr Warning: \headheight is too small (12.0pt): 
(fancyhdr)                Make it at least 13.59999pt, for example:
(fancyhdr)                \setlength{\headheight}{13.59999pt}.
(fancyhdr)                You might also make \topmargin smaller:
(fancyhdr)                \addtolength{\topmargin}{-1.59999pt}.

[56]
File: images/0300-gate-forward.png Graphic file (type bmp)
<images/0300-gate-forward.png>

Underfull \hbox (badness 10000) in alignment at lines 1909--1913
[] [] []
 []


Underfull \hbox (badness 10000) in alignment at lines 1913--1915
[] [] []
 []


Underfull \hbox (badness 10000) in alignment at lines 1915--1920
[] [] []
 []




Package fancyhdr Warning: \headheight is too small (12.0pt): 
(fancyhdr)                Make it at least 13.59999pt, for example:
(fancyhdr)                \setlength{\headheight}{13.59999pt}.
(fancyhdr)                You might also make \topmargin smaller:
(fancyhdr)                \addtolength{\topmargin}{-1.59999pt}.

[57]
File: images/0300-platform-engineering.png Graphic file (type bmp)
<images/0300-platform-engineering.png>

Underfull \vbox (badness 1496) has occurred while \output is active []




Package fancyhdr Warning: \headheight is too small (12.0pt): 
(fancyhdr)                Make it at least 13.59999pt, for example:
(fancyhdr)                \setlength{\headheight}{13.59999pt}.
(fancyhdr)                You might also make \topmargin smaller:
(fancyhdr)                \addtolength{\topmargin}{-1.59999pt}.

[58]


Package fancyhdr Warning: \headheight is too small (12.0pt): 
(fancyhdr)                Make it at least 13.59999pt, for example:
(fancyhdr)                \setlength{\headheight}{13.59999pt}.
(fancyhdr)                You might also make \topmargin smaller:
(fancyhdr)                \addtolength{\topmargin}{-1.59999pt}.

[59]
第三章
File: images/chap02-requirement-06.png Graphic file (type bmp)
<images/chap02-requirement-06.png>


[60

]
Underfull \hbox (badness 10000) in alignment at lines 1974--1982
[] []
 []


Underfull \hbox (badness 10000) in alignment at lines 1982--1984
[] []
 []


Underfull \hbox (badness 10000) in alignment at lines 1984--1990
[] []
 []

File: images/chap02-requirement-09.png Graphic file (type bmp)
<images/chap02-requirement-09.png>

Underfull \hbox (badness 10000) in alignment at lines 2016--2020
[] [] []
 []


Underfull \hbox (badness 10000) in alignment at lines 2020--2022
[] [] []
 []


Underfull \hbox (badness 10000) in alignment at lines 2022--2028
[] [] []
 []


Package fancyhdr Warning: \headheight is too small (12.0pt): 
(fancyhdr)                Make it at least 13.59999pt, for example:
(fancyhdr)                \setlength{\headheight}{13.59999pt}.
(fancyhdr)                You might also make \topmargin smaller:
(fancyhdr)                \addtolength{\topmargin}{-1.59999pt}.

[61]
File: images/chap02-requirement-30.png Graphic file (type bmp)
<images/chap02-requirement-30.png>
File: images/chap02-requirement-33.png Graphic file (type bmp)
<images/chap02-requirement-33.png>
File: images/0404-change-flow.png Graphic file (type bmp)
<images/0404-change-flow.png>



Package fancyhdr Warning: \headheight is too small (12.0pt): 
(fancyhdr)                Make it at least 13.59999pt, for example:
(fancyhdr)                \setlength{\headheight}{13.59999pt}.
(fancyhdr)                You might also make \topmargin smaller:
(fancyhdr)                \addtolength{\topmargin}{-1.59999pt}.

[62]
Underfull \hbox (badness 10000) in alignment at lines 2048--2052
[] [] []
 []


Underfull \hbox (badness 10000) in alignment at lines 2052--2054
[] [] []
 []


Underfull \hbox (badness 10000) in alignment at lines 2054--2061
[] [] []
 []

File: images/0403-req-elicit.png Graphic file (type bmp)
<images/0403-req-elicit.png>
File: images/chap02-requirement-10.png Graphic file (type bmp)
<images/chap02-requirement-10.png>

Underfull \vbox (badness 10000) has occurred while \output is active []




Package fancyhdr Warning: \headheight is too small (12.0pt): 
(fancyhdr)                Make it at least 13.59999pt, for example:
(fancyhdr)                \setlength{\headheight}{13.59999pt}.
(fancyhdr)                You might also make \topmargin smaller:
(fancyhdr)                \addtolength{\topmargin}{-1.59999pt}.

[63]
Underfull \hbox (badness 10000) in alignment at lines 2079--2083
[] [] []
 []


Underfull \hbox (badness 10000) in alignment at lines 2083--2085
[] [] []
 []


Underfull \hbox (badness 10000) in alignment at lines 2085--2091
[] [] []
 []


Underfull \hbox (badness 10000) in alignment at lines 2105--2115
[] [] []
 []


Underfull \hbox (badness 10000) in alignment at lines 2115--2117
[] [] []
 []


Underfull \hbox (badness 10000) in alignment at lines 2117--2125
[] [] []
 []




Package fancyhdr Warning: \headheight is too small (12.0pt): 
(fancyhdr)                Make it at least 13.59999pt, for example:
(fancyhdr)                \setlength{\headheight}{13.59999pt}.
(fancyhdr)                You might also make \topmargin smaller:
(fancyhdr)                \addtolength{\topmargin}{-1.59999pt}.

[64]
Underfull \hbox (badness 10000) in alignment at lines 2160--2170
[] [] []
 []


Underfull \hbox (badness 10000) in alignment at lines 2170--2172
[] [] []
 []


Underfull \hbox (badness 10000) in alignment at lines 2172--2181
[] [] []
 []


Package fancyhdr Warning: \headheight is too small (12.0pt): 
(fancyhdr)                Make it at least 13.59999pt, for example:
(fancyhdr)                \setlength{\headheight}{13.59999pt}.
(fancyhdr)                You might also make \topmargin smaller:
(fancyhdr)                \addtolength{\topmargin}{-1.59999pt}.

[65]
File: images/chap02-requirement-19.png Graphic file (type bmp)
<images/chap02-requirement-19.png>
File: images/chap02-requirement-26.png Graphic file (type bmp)
<images/chap02-requirement-26.png>

Underfull \vbox (badness 10000) has occurred while \output is active []




Package fancyhdr Warning: \headheight is too small (12.0pt): 
(fancyhdr)                Make it at least 13.59999pt, for example:
(fancyhdr)                \setlength{\headheight}{13.59999pt}.
(fancyhdr)                You might also make \topmargin smaller:
(fancyhdr)                \addtolength{\topmargin}{-1.59999pt}.

[66]
Underfull \hbox (badness 10000) in alignment at lines 2211--2221
[] [] []
 []


Underfull \hbox (badness 10000) in alignment at lines 2221--2223
[] [] []
 []


Underfull \hbox (badness 10000) in alignment at lines 2223--2232
[] [] []
 []

File: images/0401-srs-quality.png Graphic file (type bmp)
<images/0401-srs-quality.png>

Underfull \vbox (badness 10000) has occurred while \output is active []




Package fancyhdr Warning: \headheight is too small (12.0pt): 
(fancyhdr)                Make it at least 13.59999pt, for example:
(fancyhdr)                \setlength{\headheight}{13.59999pt}.
(fancyhdr)                You might also make \topmargin smaller:
(fancyhdr)                \addtolength{\topmargin}{-1.59999pt}.

[67]
Underfull \hbox (badness 10000) in alignment at lines 2256--2266
[] [] []
 []


Underfull \hbox (badness 10000) in alignment at lines 2266--2268
[] [] []
 []


Underfull \hbox (badness 10000) in alignment at lines 2268--2274
[] [] []
 []


Package fancyhdr Warning: \headheight is too small (12.0pt): 
(fancyhdr)                Make it at least 13.59999pt, for example:
(fancyhdr)                \setlength{\headheight}{13.59999pt}.
(fancyhdr)                You might also make \topmargin smaller:
(fancyhdr)                \addtolength{\topmargin}{-1.59999pt}.

[68]
File: images/0402-ai-req-extract.png Graphic file (type bmp)
<images/0402-ai-req-extract.png>



Package fancyhdr Warning: \headheight is too small (12.0pt): 
(fancyhdr)                Make it at least 13.59999pt, for example:
(fancyhdr)                \setlength{\headheight}{13.59999pt}.
(fancyhdr)                You might also make \topmargin smaller:
(fancyhdr)                \addtolength{\topmargin}{-1.59999pt}.

[69]
Underfull \hbox (badness 10000) in alignment at lines 2328--2338
[] [] []
 []


Underfull \hbox (badness 10000) in alignment at lines 2338--2340
[] [] []
 []


Underfull \hbox (badness 10000) in alignment at lines 2340--2349
[] [] []
 []


Underfull \hbox (badness 10000) in alignment at lines 2366--2376
[] [] []
 []


Underfull \hbox (badness 10000) in alignment at lines 2376--2378
[] [] []
 []


Underfull \hbox (badness 10000) in alignment at lines 2378--2385
[] [] []
 []


Package fancyhdr Warning: \headheight is too small (12.0pt): 
(fancyhdr)                Make it at least 13.59999pt, for example:
(fancyhdr)                \setlength{\headheight}{13.59999pt}.
(fancyhdr)                You might also make \topmargin smaller:
(fancyhdr)                \addtolength{\topmargin}{-1.59999pt}.

[70]
File: images/0400-req-workflow.png Graphic file (type bmp)
<images/0400-req-workflow.png>

Underfull \hbox (badness 10000) in alignment at lines 2420--2430
[] [] []
 []


Underfull \hbox (badness 10000) in alignment at lines 2430--2432
[] [] []
 []


Underfull \hbox (badness 10000) in alignment at lines 2432--2437
[] [] []
 []




Package fancyhdr Warning: \headheight is too small (12.0pt): 
(fancyhdr)                Make it at least 13.59999pt, for example:
(fancyhdr)                \setlength{\headheight}{13.59999pt}.
(fancyhdr)                You might also make \topmargin smaller:
(fancyhdr)                \addtolength{\topmargin}{-1.59999pt}.

[71]
Underfull \hbox (badness 10000) in alignment at lines 2470--2480
[] [] []
 []


Underfull \hbox (badness 10000) in alignment at lines 2480--2482
[] [] []
 []


Underfull \hbox (badness 10000) in alignment at lines 2482--2491
[] [] []
 []


Package fancyhdr Warning: \headheight is too small (12.0pt): 
(fancyhdr)                Make it at least 13.59999pt, for example:
(fancyhdr)                \setlength{\headheight}{13.59999pt}.
(fancyhdr)                You might also make \topmargin smaller:
(fancyhdr)                \addtolength{\topmargin}{-1.59999pt}.

[72]
File: images/0400-ambiguity-check.png Graphic file (type bmp)
<images/0400-ambiguity-check.png>

Underfull \hbox (badness 10000) in alignment at lines 2508--2512
[] [] []
 []


Underfull \hbox (badness 10000) in alignment at lines 2512--2514
[] [] []
 []


Underfull \hbox (badness 10000) in alignment at lines 2514--2519
[] [] []
 []

File: images/0400-spec-as-code.png Graphic file (type bmp)
<images/0400-spec-as-code.png>



Package fancyhdr Warning: \headheight is too small (12.0pt): 
(fancyhdr)                Make it at least 13.59999pt, for example:
(fancyhdr)                \setlength{\headheight}{13.59999pt}.
(fancyhdr)                You might also make \topmargin smaller:
(fancyhdr)                \addtolength{\topmargin}{-1.59999pt}.

[73]
File: images/chap04-model-03-uml-03.png Graphic file (type bmp)
<images/chap04-model-03-uml-03.png>

Underfull \vbox (badness 10000) has occurred while \output is active []




Package fancyhdr Warning: \headheight is too small (12.0pt): 
(fancyhdr)                Make it at least 13.59999pt, for example:
(fancyhdr)                \setlength{\headheight}{13.59999pt}.
(fancyhdr)                You might also make \topmargin smaller:
(fancyhdr)                \addtolength{\topmargin}{-1.59999pt}.

[74]
File: images/chap04-model-03-uml-04.png Graphic file (type bmp)
<images/chap04-model-03-uml-04.png>
File: images/chap04-model-03-uml-12.png Graphic file (type bmp)
<images/chap04-model-03-uml-12.png>
File: images/chap04-model-03-uml-15.png Graphic file (type bmp)
<images/chap04-model-03-uml-15.png>

Underfull \hbox (badness 10000) in alignment at lines 2567--2571
[] [] []
 []


Underfull \hbox (badness 10000) in alignment at lines 2571--2573
[] [] []
 []


Underfull \hbox (badness 10000) in alignment at lines 2573--2576
[] [] []
 []


Package fancyhdr Warning: \headheight is too small (12.0pt): 
(fancyhdr)                Make it at least 13.59999pt, for example:
(fancyhdr)                \setlength{\headheight}{13.59999pt}.
(fancyhdr)                You might also make \topmargin smaller:
(fancyhdr)                \addtolength{\topmargin}{-1.59999pt}.

[75]
File: images/0502-uml-diagram-types.png Graphic file (type bmp)
<images/0502-uml-diagram-types.png>

Underfull \hbox (badness 10000) in alignment at lines 2588--2592
[] [] []
 []


Underfull \hbox (badness 10000) in alignment at lines 2592--2594
[] [] []
 []


Underfull \hbox (badness 10000) in alignment at lines 2594--2598
[] [] []
 []

File: images/chap04-model-03-uml-19.png Graphic file (type bmp)
<images/chap04-model-03-uml-19.png>



Package fancyhdr Warning: \headheight is too small (12.0pt): 
(fancyhdr)                Make it at least 13.59999pt, for example:
(fancyhdr)                \setlength{\headheight}{13.59999pt}.
(fancyhdr)                You might also make \topmargin smaller:
(fancyhdr)                \addtolength{\topmargin}{-1.59999pt}.

[76]
File: images/chap04-model-03-uml-25.png Graphic file (type bmp)
<images/chap04-model-03-uml-25.png>
File: images/chap04-model-03-uml-27.png Graphic file (type bmp)
<images/chap04-model-03-uml-27.png>
File: images/chap04-model-03-uml-31.png Graphic file (type bmp)
<images/chap04-model-03-uml-31.png>
File: images/chap04-model-03-uml-34.png Graphic file (type bmp)
<images/chap04-model-03-uml-34.png>

Underfull \vbox (badness 10000) has occurred while \output is active []




Package fancyhdr Warning: \headheight is too small (12.0pt): 
(fancyhdr)                Make it at least 13.59999pt, for example:
(fancyhdr)                \setlength{\headheight}{13.59999pt}.
(fancyhdr)                You might also make \topmargin smaller:
(fancyhdr)                \addtolength{\topmargin}{-1.59999pt}.

[77]
File: images/chap04-model-03-uml-35.png Graphic file (type bmp)
<images/chap04-model-03-uml-35.png>
File: images/chap04-model-03-uml-36.png Graphic file (type bmp)
<images/chap04-model-03-uml-36.png>

Underfull \vbox (badness 10000) has occurred while \output is active []




Package fancyhdr Warning: \headheight is too small (12.0pt): 
(fancyhdr)                Make it at least 13.59999pt, for example:
(fancyhdr)                \setlength{\headheight}{13.59999pt}.
(fancyhdr)                You might also make \topmargin smaller:
(fancyhdr)                \addtolength{\topmargin}{-1.59999pt}.

[78]
File: images/0500-model-sync.png Graphic file (type bmp)
<images/0500-model-sync.png>

Underfull \hbox (badness 10000) in alignment at lines 2665--2669
[] [] []
 []


Underfull \hbox (badness 10000) in alignment at lines 2669--2671
[] [] []
 []


Underfull \hbox (badness 10000) in alignment at lines 2671--2677
[] [] []
 []




Package fancyhdr Warning: \headheight is too small (12.0pt): 
(fancyhdr)                Make it at least 13.59999pt, for example:
(fancyhdr)                \setlength{\headheight}{13.59999pt}.
(fancyhdr)                You might also make \topmargin smaller:
(fancyhdr)                \addtolength{\topmargin}{-1.59999pt}.

[79]
Underfull \hbox (badness 10000) in alignment at lines 2683--2687
[] []
 []


Underfull \hbox (badness 10000) in alignment at lines 2687--2689
[] []
 []


Underfull \hbox (badness 10000) in alignment at lines 2689--2697
[] []
 []


Underfull \hbox (badness 10000) in alignment at lines 2706--2710
[] [] []
 []


Underfull \hbox (badness 10000) in alignment at lines 2710--2712
[] [] []
 []


Underfull \hbox (badness 10000) in alignment at lines 2712--2716
[] [] []
 []


Underfull \hbox (badness 10000) in alignment at lines 2724--2728
[] [] []
 []


Underfull \hbox (badness 10000) in alignment at lines 2728--2730
[] [] []
 []


Underfull \hbox (badness 10000) in alignment at lines 2730--2735
[] [] []
 []




Package fancyhdr Warning: \headheight is too small (12.0pt): 
(fancyhdr)                Make it at least 13.59999pt, for example:
(fancyhdr)                \setlength{\headheight}{13.59999pt}.
(fancyhdr)                You might also make \topmargin smaller:
(fancyhdr)                \addtolength{\topmargin}{-1.59999pt}.

[80]
Underfull \hbox (badness 10000) in alignment at lines 2766--2770
[] [] []
 []


Underfull \hbox (badness 10000) in alignment at lines 2770--2772
[] [] []
 []


Underfull \hbox (badness 10000) in alignment at lines 2772--2775
[] [] []
 []

File: images/0501-text-modeling.png Graphic file (type bmp)
<images/0501-text-modeling.png>



Package fancyhdr Warning: \headheight is too small (12.0pt): 
(fancyhdr)                Make it at least 13.59999pt, for example:
(fancyhdr)                \setlength{\headheight}{13.59999pt}.
(fancyhdr)                You might also make \topmargin smaller:
(fancyhdr)                \addtolength{\topmargin}{-1.59999pt}.

[81]
Underfull \hbox (badness 10000) in alignment at lines 2802--2812
[] [] []
 []


Underfull \hbox (badness 10000) in alignment at lines 2812--2814
[] [] []
 []


Underfull \hbox (badness 10000) in alignment at lines 2814--2819
[] [] []
 []




Package fancyhdr Warning: \headheight is too small (12.0pt): 
(fancyhdr)                Make it at least 13.59999pt, for example:
(fancyhdr)                \setlength{\headheight}{13.59999pt}.
(fancyhdr)                You might also make \topmargin smaller:
(fancyhdr)                \addtolength{\topmargin}{-1.59999pt}.

[82]
Underfull \hbox (badness 10000) in alignment at lines 2843--2853
[] [] []
 []


Underfull \hbox (badness 10000) in alignment at lines 2853--2855
[] [] []
 []


Underfull \hbox (badness 10000) in alignment at lines 2855--2864
[] [] []
 []

File: images/0500-nl2uml.png Graphic file (type bmp)
<images/0500-nl2uml.png>

Underfull \vbox (badness 10000) has occurred while \output is active []




Package fancyhdr Warning: \headheight is too small (12.0pt): 
(fancyhdr)                Make it at least 13.59999pt, for example:
(fancyhdr)                \setlength{\headheight}{13.59999pt}.
(fancyhdr)                You might also make \topmargin smaller:
(fancyhdr)                \addtolength{\topmargin}{-1.59999pt}.

[83]
Underfull \hbox (badness 10000) in alignment at lines 2884--2888
[] [] []
 []


Underfull \hbox (badness 10000) in alignment at lines 2888--2890
[] [] []
 []


Underfull \hbox (badness 10000) in alignment at lines 2890--2895
[] [] []
 []

File: images/0500-model-as-code.png Graphic file (type bmp)
<images/0500-model-as-code.png>



Package fancyhdr Warning: \headheight is too small (12.0pt): 
(fancyhdr)                Make it at least 13.59999pt, for example:
(fancyhdr)                \setlength{\headheight}{13.59999pt}.
(fancyhdr)                You might also make \topmargin smaller:
(fancyhdr)                \addtolength{\topmargin}{-1.59999pt}.

[84]


Package fancyhdr Warning: \headheight is too small (12.0pt): 
(fancyhdr)                Make it at least 13.59999pt, for example:
(fancyhdr)                \setlength{\headheight}{13.59999pt}.
(fancyhdr)                You might also make \topmargin smaller:
(fancyhdr)                \addtolength{\topmargin}{-1.59999pt}.

[85]
第四章

Underfull \hbox (badness 10000) in alignment at lines 2939--2949
[] [] []
 []


Underfull \hbox (badness 10000) in alignment at lines 2949--2951
[] [] []
 []


Underfull \hbox (badness 10000) in alignment at lines 2951--2958
[] [] []
 []


Underfull \vbox (badness 3514) has occurred while \output is active []



[86

]
File: images/chap05-analysis-03.png Graphic file (type bmp)
<images/chap05-analysis-03.png>

Underfull \hbox (badness 10000) in alignment at lines 2984--2988
[] [] []
 []


Underfull \hbox (badness 10000) in alignment at lines 2988--2990
[] [] []
 []


Underfull \hbox (badness 10000) in alignment at lines 2990--2994
[] [] []
 []

File: images/0602-three-views.png Graphic file (type bmp)
<images/0602-three-views.png>



Package fancyhdr Warning: \headheight is too small (12.0pt): 
(fancyhdr)                Make it at least 13.59999pt, for example:
(fancyhdr)                \setlength{\headheight}{13.59999pt}.
(fancyhdr)                You might also make \topmargin smaller:
(fancyhdr)                \addtolength{\topmargin}{-1.59999pt}.

[87]
Underfull \hbox (badness 10000) in alignment at lines 3004--3008
[] [] []
 []


Underfull \hbox (badness 10000) in alignment at lines 3008--3010
[] [] []
 []


Underfull \hbox (badness 10000) in alignment at lines 3010--3015
[] [] []
 []

File: images/chap05-analysis-06.png Graphic file (type bmp)
<images/chap05-analysis-06.png>
File: images/chap05-analysis-07.png Graphic file (type bmp)
<images/chap05-analysis-07.png>
File: images/chap05-analysis-08.png Graphic file (type bmp)
<images/chap05-analysis-08.png>

Underfull \hbox (badness 10000) in alignment at lines 3042--3046
[] [] []
 []


Underfull \hbox (badness 10000) in alignment at lines 3046--3048
[] [] []
 []


Underfull \hbox (badness 10000) in alignment at lines 3048--3052
[] [] []
 []




Package fancyhdr Warning: \headheight is too small (12.0pt): 
(fancyhdr)                Make it at least 13.59999pt, for example:
(fancyhdr)                \setlength{\headheight}{13.59999pt}.
(fancyhdr)                You might also make \topmargin smaller:
(fancyhdr)                \addtolength{\topmargin}{-1.59999pt}.

[88]
File: images/chap05-analysis-09.png Graphic file (type bmp)
<images/chap05-analysis-09.png>
File: images/0603-domain-er.png Graphic file (type bmp)
<images/0603-domain-er.png>
File: images/chap05-analysis-01.png Graphic file (type bmp)
<images/chap05-analysis-01.png>

Underfull \vbox (badness 10000) has occurred while \output is active []




Package fancyhdr Warning: \headheight is too small (12.0pt): 
(fancyhdr)                Make it at least 13.59999pt, for example:
(fancyhdr)                \setlength{\headheight}{13.59999pt}.
(fancyhdr)                You might also make \topmargin smaller:
(fancyhdr)                \addtolength{\topmargin}{-1.59999pt}.

[89]
File: images/chap05-analysis-13.png Graphic file (type bmp)
<images/chap05-analysis-13.png>

Underfull \vbox (badness 10000) has occurred while \output is active []




Package fancyhdr Warning: \headheight is too small (12.0pt): 
(fancyhdr)                Make it at least 13.59999pt, for example:
(fancyhdr)                \setlength{\headheight}{13.59999pt}.
(fancyhdr)                You might also make \topmargin smaller:
(fancyhdr)                \addtolength{\topmargin}{-1.59999pt}.

[90]
Underfull \hbox (badness 10000) in alignment at lines 3093--3097
[] [] []
 []


Underfull \hbox (badness 10000) in alignment at lines 3097--3099
[] [] []
 []


Underfull \hbox (badness 10000) in alignment at lines 3099--3105
[] [] []
 []


Underfull \hbox (badness 10000) in alignment at lines 3113--3117
[] [] []
 []


Underfull \hbox (badness 10000) in alignment at lines 3117--3119
[] [] []
 []


Underfull \hbox (badness 10000) in alignment at lines 3119--3123
[] [] []
 []


Underfull \hbox (badness 10000) in alignment at lines 3134--3138
[] [] [] []
 []


Underfull \hbox (badness 10000) in alignment at lines 3138--3140
[] [] [] []
 []


Underfull \hbox (badness 10000) in alignment at lines 3140--3144
[] [] [] []
 []




Package fancyhdr Warning: \headheight is too small (12.0pt): 
(fancyhdr)                Make it at least 13.59999pt, for example:
(fancyhdr)                \setlength{\headheight}{13.59999pt}.
(fancyhdr)                You might also make \topmargin smaller:
(fancyhdr)                \addtolength{\topmargin}{-1.59999pt}.

[91]


Package fancyhdr Warning: \headheight is too small (12.0pt): 
(fancyhdr)                Make it at least 13.59999pt, for example:
(fancyhdr)                \setlength{\headheight}{13.59999pt}.
(fancyhdr)                You might also make \topmargin smaller:
(fancyhdr)                \addtolength{\topmargin}{-1.59999pt}.

[92]
Underfull \hbox (badness 10000) in alignment at lines 3193--3203
[] [] []
 []


Underfull \hbox (badness 10000) in alignment at lines 3203--3205
[] [] []
 []


Underfull \hbox (badness 10000) in alignment at lines 3205--3211
[] [] []
 []

File: images/0601-analysis-assistant.png Graphic file (type bmp)
<images/0601-analysis-assistant.png>



Package fancyhdr Warning: \headheight is too small (12.0pt): 
(fancyhdr)                Make it at least 13.59999pt, for example:
(fancyhdr)                \setlength{\headheight}{13.59999pt}.
(fancyhdr)                You might also make \topmargin smaller:
(fancyhdr)                \addtolength{\topmargin}{-1.59999pt}.

[93]
Underfull \hbox (badness 10000) in alignment at lines 3260--3270
[] [] []
 []


Underfull \hbox (badness 10000) in alignment at lines 3270--3272
[] [] []
 []


Underfull \hbox (badness 10000) in alignment at lines 3272--3281
[] [] []
 []




Package fancyhdr Warning: \headheight is too small (12.0pt): 
(fancyhdr)                Make it at least 13.59999pt, for example:
(fancyhdr)                \setlength{\headheight}{13.59999pt}.
(fancyhdr)                You might also make \topmargin smaller:
(fancyhdr)                \addtolength{\topmargin}{-1.59999pt}.

[94]
Underfull \hbox (badness 10000) in alignment at lines 3289--3293
[] [] []
 []


Underfull \hbox (badness 10000) in alignment at lines 3293--3295
[] [] []
 []


Underfull \hbox (badness 10000) in alignment at lines 3295--3301
[] [] []
 []




Package fancyhdr Warning: \headheight is too small (12.0pt): 
(fancyhdr)                Make it at least 13.59999pt, for example:
(fancyhdr)                \setlength{\headheight}{13.59999pt}.
(fancyhdr)                You might also make \topmargin smaller:
(fancyhdr)                \addtolength{\topmargin}{-1.59999pt}.

[95]
File: images/0600-analysis-workflow.png Graphic file (type bmp)
<images/0600-analysis-workflow.png>

Underfull \hbox (badness 10000) in alignment at lines 3361--3365
[] [] []
 []


Underfull \hbox (badness 10000) in alignment at lines 3365--3367
[] [] []
 []


Underfull \hbox (badness 10000) in alignment at lines 3367--3371
[] [] []
 []


Package fancyhdr Warning: \headheight is too small (12.0pt): 
(fancyhdr)                Make it at least 13.59999pt, for example:
(fancyhdr)                \setlength{\headheight}{13.59999pt}.
(fancyhdr)                You might also make \topmargin smaller:
(fancyhdr)                \addtolength{\topmargin}{-1.59999pt}.

[96]
Underfull \hbox (badness 10000) in alignment at lines 3389--3399
[] [] []
 []


Underfull \hbox (badness 10000) in alignment at lines 3399--3401
[] [] []
 []


Underfull \hbox (badness 10000) in alignment at lines 3401--3409
[] [] []
 []

File: images/0600-candidate-funnel.png Graphic file (type bmp)
<images/0600-candidate-funnel.png>

Underfull \vbox (badness 10000) has occurred while \output is active []




Package fancyhdr Warning: \headheight is too small (12.0pt): 
(fancyhdr)                Make it at least 13.59999pt, for example:
(fancyhdr)                \setlength{\headheight}{13.59999pt}.
(fancyhdr)                You might also make \topmargin smaller:
(fancyhdr)                \addtolength{\topmargin}{-1.59999pt}.

[97]
Underfull \hbox (badness 10000) in alignment at lines 3436--3440
[] [] []
 []


Underfull \hbox (badness 10000) in alignment at lines 3440--3442
[] [] []
 []


Underfull \hbox (badness 10000) in alignment at lines 3442--3448
[] [] []
 []


Underfull \vbox (badness 10000) has occurred while \output is active []




Package fancyhdr Warning: \headheight is too small (12.0pt): 
(fancyhdr)                Make it at least 13.59999pt, for example:
(fancyhdr)                \setlength{\headheight}{13.59999pt}.
(fancyhdr)                You might also make \topmargin smaller:
(fancyhdr)                \addtolength{\topmargin}{-1.59999pt}.

[98]
File: images/0600-event-storming.png Graphic file (type bmp)
<images/0600-event-storming.png>



Package fancyhdr Warning: \headheight is too small (12.0pt): 
(fancyhdr)                Make it at least 13.59999pt, for example:
(fancyhdr)                \setlength{\headheight}{13.59999pt}.
(fancyhdr)                You might also make \topmargin smaller:
(fancyhdr)                \addtolength{\topmargin}{-1.59999pt}.

[99]


Package fancyhdr Warning: \headheight is too small (12.0pt): 
(fancyhdr)                Make it at least 13.59999pt, for example:
(fancyhdr)                \setlength{\headheight}{13.59999pt}.
(fancyhdr)                You might also make \topmargin smaller:
(fancyhdr)                \addtolength{\topmargin}{-1.59999pt}.

[100]
第五章
File: images/chap07-design-01.png Graphic file (type bmp)
<images/chap07-design-01.png>
File: images/chap07-design-03.png Graphic file (type bmp)
<images/chap07-design-03.png>

Underfull \vbox (badness 10000) has occurred while \output is active []



[101

]
Underfull \hbox (badness 10000) in alignment at lines 3517--3521
[] [] [] []
 []


Underfull \hbox (badness 10000) in alignment at lines 3521--3523
[] [] [] []
 []


Underfull \hbox (badness 10000) in alignment at lines 3523--3531
[] [] [] []
 []

File: images/chap06-architecture-05.png Graphic file (type bmp)
<images/chap06-architecture-05.png>

Underfull \vbox (badness 10000) has occurred while \output is active []




Package fancyhdr Warning: \headheight is too small (12.0pt): 
(fancyhdr)                Make it at least 13.59999pt, for example:
(fancyhdr)                \setlength{\headheight}{13.59999pt}.
(fancyhdr)                You might also make \topmargin smaller:
(fancyhdr)                \addtolength{\topmargin}{-1.59999pt}.

[102]
File: images/chap06-architecture-07.png Graphic file (type bmp)
<images/chap06-architecture-07.png>
File: images/chap06-architecture-10.png Graphic file (type bmp)
<images/chap06-architecture-10.png>
File: images/chap06-architecture-11.png Graphic file (type bmp)
<images/chap06-architecture-11.png>

Underfull \vbox (badness 10000) has occurred while \output is active []




Package fancyhdr Warning: \headheight is too small (12.0pt): 
(fancyhdr)                Make it at least 13.59999pt, for example:
(fancyhdr)                \setlength{\headheight}{13.59999pt}.
(fancyhdr)                You might also make \topmargin smaller:
(fancyhdr)                \addtolength{\topmargin}{-1.59999pt}.

[103]
Underfull \hbox (badness 10000) in alignment at lines 3570--3582
[] [] [] []
 []


Underfull \hbox (badness 10000) in alignment at lines 3582--3584
[] [] [] []
 []


Underfull \hbox (badness 10000) in alignment at lines 3584--3592
[] [] [] []
 []

File: images/0703-dep-graph.png Graphic file (type bmp)
<images/0703-dep-graph.png>

Underfull \vbox (badness 10000) has occurred while \output is active []




Package fancyhdr Warning: \headheight is too small (12.0pt): 
(fancyhdr)                Make it at least 13.59999pt, for example:
(fancyhdr)                \setlength{\headheight}{13.59999pt}.
(fancyhdr)                You might also make \topmargin smaller:
(fancyhdr)                \addtolength{\topmargin}{-1.59999pt}.

[104]
Underfull \hbox (badness 10000) in alignment at lines 3612--3616
[] [] []
 []


Underfull \hbox (badness 10000) in alignment at lines 3616--3618
[] [] []
 []


Underfull \hbox (badness 10000) in alignment at lines 3618--3623
[] [] []
 []


Underfull \hbox (badness 10000) in alignment at lines 3636--3646
[] [] []
 []


Underfull \hbox (badness 10000) in alignment at lines 3646--3648
[] [] []
 []


Underfull \hbox (badness 10000) in alignment at lines 3648--3655
[] [] []
 []




Package fancyhdr Warning: \headheight is too small (12.0pt): 
(fancyhdr)                Make it at least 13.59999pt, for example:
(fancyhdr)                \setlength{\headheight}{13.59999pt}.
(fancyhdr)                You might also make \topmargin smaller:
(fancyhdr)                \addtolength{\topmargin}{-1.59999pt}.

[105]
Underfull \vbox (badness 10000) has occurred while \output is active []




Package fancyhdr Warning: \headheight is too small (12.0pt): 
(fancyhdr)                Make it at least 13.59999pt, for example:
(fancyhdr)                \setlength{\headheight}{13.59999pt}.
(fancyhdr)                You might also make \topmargin smaller:
(fancyhdr)                \addtolength{\topmargin}{-1.59999pt}.

[106]
File: images/chap07-design-04.png Graphic file (type bmp)
<images/chap07-design-04.png>



Package fancyhdr Warning: \headheight is too small (12.0pt): 
(fancyhdr)                Make it at least 13.59999pt, for example:
(fancyhdr)                \setlength{\headheight}{13.59999pt}.
(fancyhdr)                You might also make \topmargin smaller:
(fancyhdr)                \addtolength{\topmargin}{-1.59999pt}.

[107]
Underfull \hbox (badness 10000) in alignment at lines 3705--3709
[] [] []
 []


Underfull \hbox (badness 10000) in alignment at lines 3709--3711
[] [] []
 []


Underfull \hbox (badness 10000) in alignment at lines 3711--3717
[] [] []
 []

File: images/0701-ood-two-level.png Graphic file (type bmp)
<images/0701-ood-two-level.png>



Package fancyhdr Warning: \headheight is too small (12.0pt): 
(fancyhdr)                Make it at least 13.59999pt, for example:
(fancyhdr)                \setlength{\headheight}{13.59999pt}.
(fancyhdr)                You might also make \topmargin smaller:
(fancyhdr)                \addtolength{\topmargin}{-1.59999pt}.

[108]
File: images/0700-arch-decision.png Graphic file (type bmp)
<images/0700-arch-decision.png>



Package fancyhdr Warning: \headheight is too small (12.0pt): 
(fancyhdr)                Make it at least 13.59999pt, for example:
(fancyhdr)                \setlength{\headheight}{13.59999pt}.
(fancyhdr)                You might also make \topmargin smaller:
(fancyhdr)                \addtolength{\topmargin}{-1.59999pt}.

[109]
Underfull \hbox (badness 10000) in alignment at lines 3797--3807
[] [] []
 []


Underfull \hbox (badness 10000) in alignment at lines 3807--3809
[] [] []
 []


Underfull \hbox (badness 10000) in alignment at lines 3809--3816
[] [] []
 []


Underfull \hbox (badness 10000) in alignment at lines 3829--3839
[] [] []
 []


Underfull \hbox (badness 10000) in alignment at lines 3839--3841
[] [] []
 []


Underfull \hbox (badness 10000) in alignment at lines 3841--3849
[] [] []
 []


Package fancyhdr Warning: \headheight is too small (12.0pt): 
(fancyhdr)                Make it at least 13.59999pt, for example:
(fancyhdr)                \setlength{\headheight}{13.59999pt}.
(fancyhdr)                You might also make \topmargin smaller:
(fancyhdr)                \addtolength{\topmargin}{-1.59999pt}.

[110]
Underfull \hbox (badness 10000) in alignment at lines 3868--3872
[] [] []
 []


Underfull \hbox (badness 10000) in alignment at lines 3872--3874
[] [] []
 []


Underfull \hbox (badness 10000) in alignment at lines 3874--3879
[] [] []
 []




Package fancyhdr Warning: \headheight is too small (12.0pt): 
(fancyhdr)                Make it at least 13.59999pt, for example:
(fancyhdr)                \setlength{\headheight}{13.59999pt}.
(fancyhdr)                You might also make \topmargin smaller:
(fancyhdr)                \addtolength{\topmargin}{-1.59999pt}.

[111]
Underfull \hbox (badness 10000) in alignment at lines 3919--3929
[] [] []
 []


Underfull \hbox (badness 10000) in alignment at lines 3929--3931
[] [] []
 []


Underfull \hbox (badness 10000) in alignment at lines 3931--3937
[] [] []
 []

File: images/0700-adr-flow.png Graphic file (type bmp)
<images/0700-adr-flow.png>

Underfull \vbox (badness 10000) has occurred while \output is active []




Package fancyhdr Warning: \headheight is too small (12.0pt): 
(fancyhdr)                Make it at least 13.59999pt, for example:
(fancyhdr)                \setlength{\headheight}{13.59999pt}.
(fancyhdr)                You might also make \topmargin smaller:
(fancyhdr)                \addtolength{\topmargin}{-1.59999pt}.

[112]
Underfull \hbox (badness 10000) in alignment at lines 3958--3962
[] [] []
 []


Underfull \hbox (badness 10000) in alignment at lines 3962--3964
[] [] []
 []


Underfull \hbox (badness 10000) in alignment at lines 3964--3969
[] [] []
 []

File: images/0700-evolutionary-architecture.png Graphic file (type bmp)
<images/0700-evolutionary-architecture.png>



Package fancyhdr Warning: \headheight is too small (12.0pt): 
(fancyhdr)                Make it at least 13.59999pt, for example:
(fancyhdr)                \setlength{\headheight}{13.59999pt}.
(fancyhdr)                You might also make \topmargin smaller:
(fancyhdr)                \addtolength{\topmargin}{-1.59999pt}.

[113]
Underfull \hbox (badness 10000) in alignment at lines 4004--4008
[] []
 []


Underfull \hbox (badness 10000) in alignment at lines 4008--4010
[] []
 []


Underfull \hbox (badness 10000) in alignment at lines 4010--4015
[] []
 []




Package fancyhdr Warning: \headheight is too small (12.0pt): 
(fancyhdr)                Make it at least 13.59999pt, for example:
(fancyhdr)                \setlength{\headheight}{13.59999pt}.
(fancyhdr)                You might also make \topmargin smaller:
(fancyhdr)                \addtolength{\topmargin}{-1.59999pt}.

[114]
File: images/0801-pattern-four.png Graphic file (type bmp)
<images/0801-pattern-four.png>
File: images/singleton_implementation_-_uml_class_diagram.png Graphic file (typ
e bmp)
<images/singleton_implementation_-_uml_class_diagram.png>
File: images/factory-method-implementation-uml-class-diagram.png Graphic file (
type bmp)
<images/factory-method-implementation-uml-class-diagram.png>



Package fancyhdr Warning: \headheight is too small (12.0pt): 
(fancyhdr)                Make it at least 13.59999pt, for example:
(fancyhdr)                \setlength{\headheight}{13.59999pt}.
(fancyhdr)                You might also make \topmargin smaller:
(fancyhdr)                \addtolength{\topmargin}{-1.59999pt}.

[115]
File: images/abstract-factory-pattern.png Graphic file (type bmp)
<images/abstract-factory-pattern.png>
File: images/composite-design-pattern-example-uml-class-diagram.png Graphic fil
e (type bmp)
<images/composite-design-pattern-example-uml-class-diagram.png>
File: images/observer_implementation_-_uml_class_diagram.png Graphic file (type
 bmp)
<images/observer_implementation_-_uml_class_diagram.png>
File: images/strategy_implementation_-_uml_class_diagram.png Graphic file (type
 bmp)
<images/strategy_implementation_-_uml_class_diagram.png>

Underfull \vbox (badness 10000) has occurred while \output is active []




Package fancyhdr Warning: \headheight is too small (12.0pt): 
(fancyhdr)                Make it at least 13.59999pt, for example:
(fancyhdr)                \setlength{\headheight}{13.59999pt}.
(fancyhdr)                You might also make \topmargin smaller:
(fancyhdr)                \addtolength{\topmargin}{-1.59999pt}.

[116]
Underfull \hbox (badness 10000) in alignment at lines 4058--4068
[] [] []
 []


Underfull \hbox (badness 10000) in alignment at lines 4068--4070
[] [] []
 []


Underfull \hbox (badness 10000) in alignment at lines 4070--4077
[] [] []
 []

File: images/0803-pattern-catalog.png Graphic file (type bmp)
<images/0803-pattern-catalog.png>



Package fancyhdr Warning: \headheight is too small (12.0pt): 
(fancyhdr)                Make it at least 13.59999pt, for example:
(fancyhdr)                \setlength{\headheight}{13.59999pt}.
(fancyhdr)                You might also make \topmargin smaller:
(fancyhdr)                \addtolength{\topmargin}{-1.59999pt}.

[117]
Underfull \hbox (badness 10000) in alignment at lines 4115--4119
[] [] []
 []


Underfull \hbox (badness 10000) in alignment at lines 4119--4121
[] [] []
 []


Underfull \hbox (badness 10000) in alignment at lines 4121--4125
[] [] []
 []


Underfull \hbox (badness 10000) in alignment at lines 4139--4149
[] [] []
 []


Underfull \hbox (badness 10000) in alignment at lines 4149--4151
[] [] []
 []


Underfull \hbox (badness 10000) in alignment at lines 4151--4156
[] [] []
 []




Package fancyhdr Warning: \headheight is too small (12.0pt): 
(fancyhdr)                Make it at least 13.59999pt, for example:
(fancyhdr)                \setlength{\headheight}{13.59999pt}.
(fancyhdr)                You might also make \topmargin smaller:
(fancyhdr)                \addtolength{\topmargin}{-1.59999pt}.

[118]
Underfull \hbox (badness 10000) in alignment at lines 4182--4186
[] [] []
 []


Underfull \hbox (badness 10000) in alignment at lines 4186--4188
[] [] []
 []


Underfull \hbox (badness 10000) in alignment at lines 4188--4193
[] [] []
 []




Package fancyhdr Warning: \headheight is too small (12.0pt): 
(fancyhdr)                Make it at least 13.59999pt, for example:
(fancyhdr)                \setlength{\headheight}{13.59999pt}.
(fancyhdr)                You might also make \topmargin smaller:
(fancyhdr)                \addtolength{\topmargin}{-1.59999pt}.

[119]
File: images/0800-pattern-decision.png Graphic file (type bmp)
<images/0800-pattern-decision.png>



Package fancyhdr Warning: \headheight is too small (12.0pt): 
(fancyhdr)                Make it at least 13.59999pt, for example:
(fancyhdr)                \setlength{\headheight}{13.59999pt}.
(fancyhdr)                You might also make \topmargin smaller:
(fancyhdr)                \addtolength{\topmargin}{-1.59999pt}.

[120]
Underfull \hbox (badness 10000) in alignment at lines 4271--4275
[] []
 []


Underfull \hbox (badness 10000) in alignment at lines 4275--4277
[] []
 []


Underfull \hbox (badness 10000) in alignment at lines 4277--4285
[] []
 []


Package fancyhdr Warning: \headheight is too small (12.0pt): 
(fancyhdr)                Make it at least 13.59999pt, for example:
(fancyhdr)                \setlength{\headheight}{13.59999pt}.
(fancyhdr)                You might also make \topmargin smaller:
(fancyhdr)                \addtolength{\topmargin}{-1.59999pt}.

[121]
Underfull \hbox (badness 10000) in alignment at lines 4302--4314
[] [] [] []
 []


Underfull \hbox (badness 10000) in alignment at lines 4314--4316
[] [] [] []
 []


Underfull \hbox (badness 10000) in alignment at lines 4316--4323
[] [] [] []
 []




Package fancyhdr Warning: \headheight is too small (12.0pt): 
(fancyhdr)                Make it at least 13.59999pt, for example:
(fancyhdr)                \setlength{\headheight}{13.59999pt}.
(fancyhdr)                You might also make \topmargin smaller:
(fancyhdr)                \addtolength{\topmargin}{-1.59999pt}.

[122]
Underfull \hbox (badness 10000) in alignment at lines 4355--4365
[] [] []
 []


Underfull \hbox (badness 10000) in alignment at lines 4365--4367
[] [] []
 []


Underfull \hbox (badness 10000) in alignment at lines 4367--4375
[] [] []
 []


Underfull \hbox (badness 10000) in alignment at lines 4408--4412
[] []
 []


Underfull \hbox (badness 10000) in alignment at lines 4412--4414
[] []
 []


Underfull \hbox (badness 10000) in alignment at lines 4414--4419
[] []
 []




Package fancyhdr Warning: \headheight is too small (12.0pt): 
(fancyhdr)                Make it at least 13.59999pt, for example:
(fancyhdr)                \setlength{\headheight}{13.59999pt}.
(fancyhdr)                You might also make \topmargin smaller:
(fancyhdr)                \addtolength{\topmargin}{-1.59999pt}.

[123]
File: images/0802-pattern-prompt.png Graphic file (type bmp)
<images/0802-pattern-prompt.png>



Package fancyhdr Warning: \headheight is too small (12.0pt): 
(fancyhdr)                Make it at least 13.59999pt, for example:
(fancyhdr)                \setlength{\headheight}{13.59999pt}.
(fancyhdr)                You might also make \topmargin smaller:
(fancyhdr)                \addtolength{\topmargin}{-1.59999pt}.

[124]
Underfull \hbox (badness 10000) in alignment at lines 4458--4462
[] []
 []


Underfull \hbox (badness 10000) in alignment at lines 4462--4464
[] []
 []


Underfull \hbox (badness 10000) in alignment at lines 4464--4470
[] []
 []

File: images/0800-pattern-elements.png Graphic file (type bmp)
<images/0800-pattern-elements.png>

Underfull \vbox (badness 10000) has occurred while \output is active []




Package fancyhdr Warning: \headheight is too small (12.0pt): 
(fancyhdr)                Make it at least 13.59999pt, for example:
(fancyhdr)                \setlength{\headheight}{13.59999pt}.
(fancyhdr)                You might also make \topmargin smaller:
(fancyhdr)                \addtolength{\topmargin}{-1.59999pt}.

[125]
Underfull \hbox (badness 10000) in alignment at lines 4490--4494
[] [] []
 []


Underfull \hbox (badness 10000) in alignment at lines 4494--4496
[] [] []
 []


Underfull \hbox (badness 10000) in alignment at lines 4496--4501
[] [] []
 []

File: images/0800-pattern-rag-loop.png Graphic file (type bmp)
<images/0800-pattern-rag-loop.png>

Underfull \vbox (badness 3428) has occurred while \output is active []




Package fancyhdr Warning: \headheight is too small (12.0pt): 
(fancyhdr)                Make it at least 13.59999pt, for example:
(fancyhdr)                \setlength{\headheight}{13.59999pt}.
(fancyhdr)                You might also make \topmargin smaller:
(fancyhdr)                \addtolength{\topmargin}{-1.59999pt}.

[126]


Package fancyhdr Warning: \headheight is too small (12.0pt): 
(fancyhdr)                Make it at least 13.59999pt, for example:
(fancyhdr)                \setlength{\headheight}{13.59999pt}.
(fancyhdr)                You might also make \topmargin smaller:
(fancyhdr)                \addtolength{\topmargin}{-1.59999pt}.

[127]
第六章

Underfull \hbox (badness 10000) in alignment at lines 4539--4543
[] [] []
 []


Underfull \hbox (badness 10000) in alignment at lines 4543--4545
[] [] []
 []


Underfull \hbox (badness 10000) in alignment at lines 4545--4552
[] [] []
 []

File: images/implementation-01.png Graphic file (type bmp)
<images/implementation-01.png>


[128

]
Underfull \hbox (badness 10000) in alignment at lines 4584--4588
[] [] []
 []


Underfull \hbox (badness 10000) in alignment at lines 4588--4590
[] [] []
 []


Underfull \hbox (badness 10000) in alignment at lines 4590--4596
[] [] []
 []

File: images/0903-code-standard.png Graphic file (type bmp)
<images/0903-code-standard.png>

Underfull \vbox (badness 10000) has occurred while \output is active []




Package fancyhdr Warning: \headheight is too small (12.0pt): 
(fancyhdr)                Make it at least 13.59999pt, for example:
(fancyhdr)                \setlength{\headheight}{13.59999pt}.
(fancyhdr)                You might also make \topmargin smaller:
(fancyhdr)                \addtolength{\topmargin}{-1.59999pt}.

[129]
File: images/implementation-02.png Graphic file (type bmp)
<images/implementation-02.png>
File: images/0904-module-dep.png Graphic file (type bmp)
<images/0904-module-dep.png>

Underfull \vbox (badness 10000) has occurred while \output is active []




Package fancyhdr Warning: \headheight is too small (12.0pt): 
(fancyhdr)                Make it at least 13.59999pt, for example:
(fancyhdr)                \setlength{\headheight}{13.59999pt}.
(fancyhdr)                You might also make \topmargin smaller:
(fancyhdr)                \addtolength{\topmargin}{-1.59999pt}.

[130]
Underfull \hbox (badness 10000) in alignment at lines 4614--4618
[] [] []
 []


Underfull \hbox (badness 10000) in alignment at lines 4618--4620
[] [] []
 []


Underfull \hbox (badness 10000) in alignment at lines 4620--4624
[] [] []
 []

File: images/0901-review-types.png Graphic file (type bmp)
<images/0901-review-types.png>



Package fancyhdr Warning: \headheight is too small (12.0pt): 
(fancyhdr)                Make it at least 13.59999pt, for example:
(fancyhdr)                \setlength{\headheight}{13.59999pt}.
(fancyhdr)                You might also make \topmargin smaller:
(fancyhdr)                \addtolength{\topmargin}{-1.59999pt}.

[131]


Package fancyhdr Warning: \headheight is too small (12.0pt): 
(fancyhdr)                Make it at least 13.59999pt, for example:
(fancyhdr)                \setlength{\headheight}{13.59999pt}.
(fancyhdr)                You might also make \topmargin smaller:
(fancyhdr)                \addtolength{\topmargin}{-1.59999pt}.

[132]
Underfull \hbox (badness 10000) in alignment at lines 4755--4759
[] [] []
 []


Underfull \hbox (badness 10000) in alignment at lines 4759--4761
[] [] []
 []


Underfull \hbox (badness 10000) in alignment at lines 4761--4765
[] [] []
 []




Package fancyhdr Warning: \headheight is too small (12.0pt): 
(fancyhdr)                Make it at least 13.59999pt, for example:
(fancyhdr)                \setlength{\headheight}{13.59999pt}.
(fancyhdr)                You might also make \topmargin smaller:
(fancyhdr)                \addtolength{\topmargin}{-1.59999pt}.

[133]
Underfull \hbox (badness 10000) in alignment at lines 4782--4786
[] [] []
 []


Underfull \hbox (badness 10000) in alignment at lines 4786--4788
[] [] []
 []


Underfull \hbox (badness 10000) in alignment at lines 4788--4791
[] [] []
 []




Package fancyhdr Warning: \headheight is too small (12.0pt): 
(fancyhdr)                Make it at least 13.59999pt, for example:
(fancyhdr)                \setlength{\headheight}{13.59999pt}.
(fancyhdr)                You might also make \topmargin smaller:
(fancyhdr)                \addtolength{\topmargin}{-1.59999pt}.

[134]
Underfull \hbox (badness 10000) in alignment at lines 4822--4826
[] [] []
 []


Underfull \hbox (badness 10000) in alignment at lines 4826--4828
[] [] []
 []


Underfull \hbox (badness 10000) in alignment at lines 4828--4833
[] [] []
 []

File: images/0902-ai-coding.png Graphic file (type bmp)
<images/0902-ai-coding.png>

Underfull \hbox (badness 10000) in alignment at lines 4844--4848
[] [] []
 []


Underfull \hbox (badness 10000) in alignment at lines 4848--4850
[] [] []
 []


Underfull \hbox (badness 10000) in alignment at lines 4850--4856
[] [] []
 []


Package fancyhdr Warning: \headheight is too small (12.0pt): 
(fancyhdr)                Make it at least 13.59999pt, for example:
(fancyhdr)                \setlength{\headheight}{13.59999pt}.
(fancyhdr)                You might also make \topmargin smaller:
(fancyhdr)                \addtolength{\topmargin}{-1.59999pt}.

[135]
Underfull \hbox (badness 10000) in alignment at lines 4885--4889
[] []
 []


Underfull \hbox (badness 10000) in alignment at lines 4889--4891
[] []
 []


Underfull \hbox (badness 10000) in alignment at lines 4891--4897
[] []
 []


Underfull \hbox (badness 10000) in alignment at lines 4913--4925
[] [] [] []
 []


Underfull \hbox (badness 10000) in alignment at lines 4925--4927
[] [] [] []
 []


Underfull \hbox (badness 10000) in alignment at lines 4927--4934
[] [] [] []
 []




Package fancyhdr Warning: \headheight is too small (12.0pt): 
(fancyhdr)                Make it at least 13.59999pt, for example:
(fancyhdr)                \setlength{\headheight}{13.59999pt}.
(fancyhdr)                You might also make \topmargin smaller:
(fancyhdr)                \addtolength{\topmargin}{-1.59999pt}.

[136]
Underfull \hbox (badness 10000) in alignment at lines 4959--4969
[] [] []
 []


Underfull \hbox (badness 10000) in alignment at lines 4969--4971
[] [] []
 []


Underfull \hbox (badness 10000) in alignment at lines 4971--4977
[] [] []
 []

File: images/0900-quality-gate.png Graphic file (type bmp)
<images/0900-quality-gate.png>

Underfull \vbox (badness 3849) has occurred while \output is active []




Package fancyhdr Warning: \headheight is too small (12.0pt): 
(fancyhdr)                Make it at least 13.59999pt, for example:
(fancyhdr)                \setlength{\headheight}{13.59999pt}.
(fancyhdr)                You might also make \topmargin smaller:
(fancyhdr)                \addtolength{\topmargin}{-1.59999pt}.

[137]
Underfull \hbox (badness 10000) in alignment at lines 5017--5027
[] [] []
 []


Underfull \hbox (badness 10000) in alignment at lines 5027--5029
[] [] []
 []


Underfull \hbox (badness 10000) in alignment at lines 5029--5038
[] [] []
 []




Package fancyhdr Warning: \headheight is too small (12.0pt): 
(fancyhdr)                Make it at least 13.59999pt, for example:
(fancyhdr)                \setlength{\headheight}{13.59999pt}.
(fancyhdr)                You might also make \topmargin smaller:
(fancyhdr)                \addtolength{\topmargin}{-1.59999pt}.

[138]
File: images/0900-code-curator.png Graphic file (type bmp)
<images/0900-code-curator.png>

Underfull \hbox (badness 10000) in alignment at lines 5061--5065
[] [] []
 []


Underfull \hbox (badness 10000) in alignment at lines 5065--5067
[] [] []
 []


Underfull \hbox (badness 10000) in alignment at lines 5067--5072
[] [] []
 []


Package fancyhdr Warning: \headheight is too small (12.0pt): 
(fancyhdr)                Make it at least 13.59999pt, for example:
(fancyhdr)                \setlength{\headheight}{13.59999pt}.
(fancyhdr)                You might also make \topmargin smaller:
(fancyhdr)                \addtolength{\topmargin}{-1.59999pt}.

[139]
File: images/0900-context-engineering.png Graphic file (type bmp)
<images/0900-context-engineering.png>
File: images/chap10-testing-01.png Graphic file (type bmp)
<images/chap10-testing-01.png>

Underfull \vbox (badness 10000) has occurred while \output is active []




Package fancyhdr Warning: \headheight is too small (12.0pt): 
(fancyhdr)                Make it at least 13.59999pt, for example:
(fancyhdr)                \setlength{\headheight}{13.59999pt}.
(fancyhdr)                You might also make \topmargin smaller:
(fancyhdr)                \addtolength{\topmargin}{-1.59999pt}.

[140]
Underfull \hbox (badness 10000) in alignment at lines 5096--5100
[] [] []
 []


Underfull \hbox (badness 10000) in alignment at lines 5100--5102
[] [] []
 []


Underfull \hbox (badness 10000) in alignment at lines 5102--5108
[] [] []
 []

File: images/chap10-testing-11.png Graphic file (type bmp)
<images/chap10-testing-11.png>

Underfull \hbox (badness 10000) in alignment at lines 5120--5124
[] [] []
 []


Underfull \hbox (badness 10000) in alignment at lines 5124--5126
[] [] []
 []


Underfull \hbox (badness 10000) in alignment at lines 5126--5131
[] [] []
 []


Package fancyhdr Warning: \headheight is too small (12.0pt): 
(fancyhdr)                Make it at least 13.59999pt, for example:
(fancyhdr)                \setlength{\headheight}{13.59999pt}.
(fancyhdr)                You might also make \topmargin smaller:
(fancyhdr)                \addtolength{\topmargin}{-1.59999pt}.

[141]
File: images/chap10-testing-15.png Graphic file (type bmp)
<images/chap10-testing-15.png>
File: images/chap10-testing-technology-02.png Graphic file (type bmp)
<images/chap10-testing-technology-02.png>

Overfull \hbox (3.4078pt too wide) in paragraph at lines 5144--5147
[][]\TU/SimSun(0)/b/n/12 集 成 测 试 \TU/SimSun(0)/m/n/12 在 单 元 测 试 基 础 上 按 层 次、|
 []


Underfull \vbox (badness 10000) has occurred while \output is active []




Package fancyhdr Warning: \headheight is too small (12.0pt): 
(fancyhdr)                Make it at least 13.59999pt, for example:
(fancyhdr)                \setlength{\headheight}{13.59999pt}.
(fancyhdr)                You might also make \topmargin smaller:
(fancyhdr)                \addtolength{\topmargin}{-1.59999pt}.

[142]
File: images/chap10-testing-technology-06.png Graphic file (type bmp)
<images/chap10-testing-technology-06.png>
File: images/chap10-testing-technology-07.png Graphic file (type bmp)
<images/chap10-testing-technology-07.png>
File: images/1003-cfg.png Graphic file (type bmp)
<images/1003-cfg.png>

Overfull \hbox (0.96126pt too wide) in paragraph at lines 5169--5172
[][] \TU/TimesNewRoman(0)/m/n/12 - \TU/SimSun(0)/b/n/12 基 于 状 态 的
 []


Underfull \hbox (badness 10000) in alignment at lines 5174--5178
[] [] [] [] []
 []


Underfull \hbox (badness 10000) in alignment at lines 5178--5180
[] [] [] [] []
 []


Underfull \hbox (badness 10000) in alignment at lines 5180--5189
[] [] [] [] []
 []




Package fancyhdr Warning: \headheight is too small (12.0pt): 
(fancyhdr)                Make it at least 13.59999pt, for example:
(fancyhdr)                \setlength{\headheight}{13.59999pt}.
(fancyhdr)                You might also make \topmargin smaller:
(fancyhdr)                \addtolength{\topmargin}{-1.59999pt}.

[143]
File: images/1001-test-techniques.png Graphic file (type bmp)
<images/1001-test-techniques.png>



Package fancyhdr Warning: \headheight is too small (12.0pt): 
(fancyhdr)                Make it at least 13.59999pt, for example:
(fancyhdr)                \setlength{\headheight}{13.59999pt}.
(fancyhdr)                You might also make \topmargin smaller:
(fancyhdr)                \addtolength{\topmargin}{-1.59999pt}.

[144]
Underfull \hbox (badness 10000) in alignment at lines 5219--5223
[] [] []
 []


Underfull \hbox (badness 10000) in alignment at lines 5223--5225
[] [] []
 []


Underfull \hbox (badness 10000) in alignment at lines 5225--5232
[] [] []
 []


Underfull \hbox (badness 10000) in alignment at lines 5246--5250
[] [] [] []
 []


Underfull \hbox (badness 10000) in alignment at lines 5250--5252
[] [] [] []
 []


Underfull \hbox (badness 10000) in alignment at lines 5252--5259
[] [] [] []
 []




Package fancyhdr Warning: \headheight is too small (12.0pt): 
(fancyhdr)                Make it at least 13.59999pt, for example:
(fancyhdr)                \setlength{\headheight}{13.59999pt}.
(fancyhdr)                You might also make \topmargin smaller:
(fancyhdr)                \addtolength{\topmargin}{-1.59999pt}.

[145]
Underfull \hbox (badness 10000) in alignment at lines 5279--5289
[] [] []
 []


Underfull \hbox (badness 10000) in alignment at lines 5289--5291
[] [] []
 []


Underfull \hbox (badness 10000) in alignment at lines 5291--5301
[] [] []
 []




Package fancyhdr Warning: \headheight is too small (12.0pt): 
(fancyhdr)                Make it at least 13.59999pt, for example:
(fancyhdr)                \setlength{\headheight}{13.59999pt}.
(fancyhdr)                You might also make \topmargin smaller:
(fancyhdr)                \addtolength{\topmargin}{-1.59999pt}.

[146]
Underfull \hbox (badness 10000) in alignment at lines 5329--5333
[] [] []
 []


Underfull \hbox (badness 10000) in alignment at lines 5333--5335
[] [] []
 []


Underfull \hbox (badness 10000) in alignment at lines 5335--5339
[] [] []
 []

File: images/1002-oracle.png Graphic file (type bmp)
<images/1002-oracle.png>

Underfull \vbox (badness 10000) has occurred while \output is active []




Package fancyhdr Warning: \headheight is too small (12.0pt): 
(fancyhdr)                Make it at least 13.59999pt, for example:
(fancyhdr)                \setlength{\headheight}{13.59999pt}.
(fancyhdr)                You might also make \topmargin smaller:
(fancyhdr)                \addtolength{\topmargin}{-1.59999pt}.

[147]


Package fancyhdr Warning: \headheight is too small (12.0pt): 
(fancyhdr)                Make it at least 13.59999pt, for example:
(fancyhdr)                \setlength{\headheight}{13.59999pt}.
(fancyhdr)                You might also make \topmargin smaller:
(fancyhdr)                \addtolength{\topmargin}{-1.59999pt}.

[148]
Underfull \hbox (badness 10000) in alignment at lines 5437--5447
[] [] []
 []


Underfull \hbox (badness 10000) in alignment at lines 5447--5449
[] [] []
 []


Underfull \hbox (badness 10000) in alignment at lines 5449--5456
[] [] []
 []




Package fancyhdr Warning: \headheight is too small (12.0pt): 
(fancyhdr)                Make it at least 13.59999pt, for example:
(fancyhdr)                \setlength{\headheight}{13.59999pt}.
(fancyhdr)                You might also make \topmargin smaller:
(fancyhdr)                \addtolength{\topmargin}{-1.59999pt}.

[149]
File: images/1000-test-pipeline.png Graphic file (type bmp)
<images/1000-test-pipeline.png>



Package fancyhdr Warning: \headheight is too small (12.0pt): 
(fancyhdr)                Make it at least 13.59999pt, for example:
(fancyhdr)                \setlength{\headheight}{13.59999pt}.
(fancyhdr)                You might also make \topmargin smaller:
(fancyhdr)                \addtolength{\topmargin}{-1.59999pt}.

[150]
Underfull \hbox (badness 10000) in alignment at lines 5517--5527
[] [] []
 []


Underfull \hbox (badness 10000) in alignment at lines 5527--5529
[] [] []
 []


Underfull \hbox (badness 10000) in alignment at lines 5529--5538
[] [] []
 []


Package fancyhdr Warning: \headheight is too small (12.0pt): 
(fancyhdr)                Make it at least 13.59999pt, for example:
(fancyhdr)                \setlength{\headheight}{13.59999pt}.
(fancyhdr)                You might also make \topmargin smaller:
(fancyhdr)                \addtolength{\topmargin}{-1.59999pt}.

[151]
File: images/1000-oracle-solutions.png Graphic file (type bmp)
<images/1000-oracle-solutions.png>

Underfull \hbox (badness 10000) in alignment at lines 5558--5562
[] [] []
 []


Underfull \hbox (badness 10000) in alignment at lines 5562--5564
[] [] []
 []


Underfull \hbox (badness 10000) in alignment at lines 5564--5570
[] [] []
 []

File: images/1000-shift-left.png Graphic file (type bmp)
<images/1000-shift-left.png>



Package fancyhdr Warning: \headheight is too small (12.0pt): 
(fancyhdr)                Make it at least 13.59999pt, for example:
(fancyhdr)                \setlength{\headheight}{13.59999pt}.
(fancyhdr)                You might also make \topmargin smaller:
(fancyhdr)                \addtolength{\topmargin}{-1.59999pt}.

[152]


Package fancyhdr Warning: \headheight is too small (12.0pt): 
(fancyhdr)                Make it at least 13.59999pt, for example:
(fancyhdr)                \setlength{\headheight}{13.59999pt}.
(fancyhdr)                You might also make \topmargin smaller:
(fancyhdr)                \addtolength{\topmargin}{-1.59999pt}.

[153]
第七章
File: images/chap01-software-fauler.png Graphic file (type bmp)
<images/chap01-software-fauler.png>

Underfull \hbox (badness 10000) in alignment at lines 5628--5638
[] [] []
 []


Underfull \hbox (badness 10000) in alignment at lines 5638--5640
[] [] []
 []


Underfull \hbox (badness 10000) in alignment at lines 5640--5650
[] [] []
 []

[154

]
File: images/chap11-evolution-01.png Graphic file (type bmp)
<images/chap11-evolution-01.png>

Underfull \hbox (badness 10000) in alignment at lines 5672--5676
[] [] []
 []


Underfull \hbox (badness 10000) in alignment at lines 5676--5678
[] [] []
 []


Underfull \hbox (badness 10000) in alignment at lines 5678--5683
[] [] []
 []




Package fancyhdr Warning: \headheight is too small (12.0pt): 
(fancyhdr)                Make it at least 13.59999pt, for example:
(fancyhdr)                \setlength{\headheight}{13.59999pt}.
(fancyhdr)                You might also make \topmargin smaller:
(fancyhdr)                \addtolength{\topmargin}{-1.59999pt}.

[155]
File: images/1102-maintenance-cost.png Graphic file (type bmp)
<images/1102-maintenance-cost.png>
File: images/chap11-evolution-02.png Graphic file (type bmp)
<images/chap11-evolution-02.png>



Package fancyhdr Warning: \headheight is too small (12.0pt): 
(fancyhdr)                Make it at least 13.59999pt, for example:
(fancyhdr)                \setlength{\headheight}{13.59999pt}.
(fancyhdr)                You might also make \topmargin smaller:
(fancyhdr)                \addtolength{\topmargin}{-1.59999pt}.

[156]
File: images/chap11-evolution-04.png Graphic file (type bmp)
<images/chap11-evolution-04.png>
File: images/chap11-evolution-05.png Graphic file (type bmp)
<images/chap11-evolution-05.png>
File: images/chap11-evolution-06.png Graphic file (type bmp)
<images/chap11-evolution-06.png>

Underfull \hbox (badness 10000) in alignment at lines 5716--5728
[] [] [] []
 []


Underfull \hbox (badness 10000) in alignment at lines 5728--5730
[] [] [] []
 []


Underfull \hbox (badness 10000) in alignment at lines 5730--5734
[] [] [] []
 []


Underfull \vbox (badness 10000) has occurred while \output is active []




Package fancyhdr Warning: \headheight is too small (12.0pt): 
(fancyhdr)                Make it at least 13.59999pt, for example:
(fancyhdr)                \setlength{\headheight}{13.59999pt}.
(fancyhdr)                You might also make \topmargin smaller:
(fancyhdr)                \addtolength{\topmargin}{-1.59999pt}.

[157]


Package fancyhdr Warning: \headheight is too small (12.0pt): 
(fancyhdr)                Make it at least 13.59999pt, for example:
(fancyhdr)                \setlength{\headheight}{13.59999pt}.
(fancyhdr)                You might also make \topmargin smaller:
(fancyhdr)                \addtolength{\topmargin}{-1.59999pt}.

[158]
Underfull \hbox (badness 10000) in alignment at lines 5785--5789
[] [] []
 []


Underfull \hbox (badness 10000) in alignment at lines 5789--5791
[] [] []
 []


Underfull \hbox (badness 10000) in alignment at lines 5791--5796
[] [] []
 []




Package fancyhdr Warning: \headheight is too small (12.0pt): 
(fancyhdr)                Make it at least 13.59999pt, for example:
(fancyhdr)                \setlength{\headheight}{13.59999pt}.
(fancyhdr)                You might also make \topmargin smaller:
(fancyhdr)                \addtolength{\topmargin}{-1.59999pt}.

[159]
Underfull \hbox (badness 10000) in alignment at lines 5817--5821
[] [] []
 []


Underfull \hbox (badness 10000) in alignment at lines 5821--5823
[] [] []
 []


Underfull \hbox (badness 10000) in alignment at lines 5823--5828
[] [] []
 []

File: images/1101-ai-maintenance.png Graphic file (type bmp)
<images/1101-ai-maintenance.png>



Package fancyhdr Warning: \headheight is too small (12.0pt): 
(fancyhdr)                Make it at least 13.59999pt, for example:
(fancyhdr)                \setlength{\headheight}{13.59999pt}.
(fancyhdr)                You might also make \topmargin smaller:
(fancyhdr)                \addtolength{\topmargin}{-1.59999pt}.

[160]
Underfull \hbox (badness 10000) in alignment at lines 5894--5898
[] [] []
 []


Underfull \hbox (badness 10000) in alignment at lines 5898--5900
[] [] []
 []


Underfull \hbox (badness 10000) in alignment at lines 5900--5904
[] [] []
 []


Package fancyhdr Warning: \headheight is too small (12.0pt): 
(fancyhdr)                Make it at least 13.59999pt, for example:
(fancyhdr)                \setlength{\headheight}{13.59999pt}.
(fancyhdr)                You might also make \topmargin smaller:
(fancyhdr)                \addtolength{\topmargin}{-1.59999pt}.

[161]
Underfull \hbox (badness 10000) in alignment at lines 5917--5927
[] [] []
 []


Underfull \hbox (badness 10000) in alignment at lines 5927--5929
[] [] []
 []


Underfull \hbox (badness 10000) in alignment at lines 5929--5938
[] [] []
 []

File: images/1100-maintenance-workflow.png Graphic file (type bmp)
<images/1100-maintenance-workflow.png>

Underfull \vbox (badness 2707) has occurred while \output is active []




Package fancyhdr Warning: \headheight is too small (12.0pt): 
(fancyhdr)                Make it at least 13.59999pt, for example:
(fancyhdr)                \setlength{\headheight}{13.59999pt}.
(fancyhdr)                You might also make \topmargin smaller:
(fancyhdr)                \addtolength{\topmargin}{-1.59999pt}.

[162]
Underfull \hbox (badness 10000) in alignment at lines 6004--6014
[] [] []
 []


Underfull \hbox (badness 10000) in alignment at lines 6014--6016
[] [] []
 []


Underfull \hbox (badness 10000) in alignment at lines 6016--6024
[] [] []
 []


Underfull \vbox (badness 1424) has occurred while \output is active []




Package fancyhdr Warning: \headheight is too small (12.0pt): 
(fancyhdr)                Make it at least 13.59999pt, for example:
(fancyhdr)                \setlength{\headheight}{13.59999pt}.
(fancyhdr)                You might also make \topmargin smaller:
(fancyhdr)                \addtolength{\topmargin}{-1.59999pt}.

[163]
File: images/1100-disposition-decision.png Graphic file (type bmp)
<images/1100-disposition-decision.png>



Package fancyhdr Warning: \headheight is too small (12.0pt): 
(fancyhdr)                Make it at least 13.59999pt, for example:
(fancyhdr)                \setlength{\headheight}{13.59999pt}.
(fancyhdr)                You might also make \topmargin smaller:
(fancyhdr)                \addtolength{\topmargin}{-1.59999pt}.

[164]
Underfull \hbox (badness 10000) in alignment at lines 6043--6047
[] [] []
 []


Underfull \hbox (badness 10000) in alignment at lines 6047--6049
[] [] []
 []


Underfull \hbox (badness 10000) in alignment at lines 6049--6054
[] [] []
 []

File: images/1100-observability-slo.png Graphic file (type bmp)
<images/1100-observability-slo.png>

Underfull \vbox (badness 10000) has occurred while \output is active []




Package fancyhdr Warning: \headheight is too small (12.0pt): 
(fancyhdr)                Make it at least 13.59999pt, for example:
(fancyhdr)                \setlength{\headheight}{13.59999pt}.
(fancyhdr)                You might also make \topmargin smaller:
(fancyhdr)                \addtolength{\topmargin}{-1.59999pt}.

[165]
File: images/chap04-model-03-uml-31.png Graphic file (type bmp)
<images/chap04-model-03-uml-31.png>

Underfull \hbox (badness 10000) in alignment at lines 6090--6094
[] [] []
 []


Underfull \hbox (badness 10000) in alignment at lines 6094--6096
[] [] []
 []


Underfull \hbox (badness 10000) in alignment at lines 6096--6102
[] [] []
 []

File: images/1203-fsm.png Graphic file (type bmp)
<images/1203-fsm.png>

Underfull \vbox (badness 10000) has occurred while \output is active []




Package fancyhdr Warning: \headheight is too small (12.0pt): 
(fancyhdr)                Make it at least 13.59999pt, for example:
(fancyhdr)                \setlength{\headheight}{13.59999pt}.
(fancyhdr)                You might also make \topmargin smaller:
(fancyhdr)                \addtolength{\topmargin}{-1.59999pt}.

[166]
Underfull \hbox (badness 10000) in alignment at lines 6133--6137
[] [] []
 []


Underfull \hbox (badness 10000) in alignment at lines 6137--6139
[] [] []
 []


Underfull \hbox (badness 10000) in alignment at lines 6139--6145
[] [] []
 []




Package fancyhdr Warning: \headheight is too small (12.0pt): 
(fancyhdr)                Make it at least 13.59999pt, for example:
(fancyhdr)                \setlength{\headheight}{13.59999pt}.
(fancyhdr)                You might also make \topmargin smaller:
(fancyhdr)                \addtolength{\topmargin}{-1.59999pt}.

[167]
File: images/chap02-requirement-27.png Graphic file (type bmp)
<images/chap02-requirement-27.png>

Underfull \hbox (badness 10000) in alignment at lines 6159--6163
[] [] [] []
 []


Underfull \hbox (badness 10000) in alignment at lines 6163--6165
[] [] [] []
 []


Underfull \hbox (badness 10000) in alignment at lines 6165--6170
[] [] [] []
 []


Underfull \vbox (badness 10000) has occurred while \output is active []




Package fancyhdr Warning: \headheight is too small (12.0pt): 
(fancyhdr)                Make it at least 13.59999pt, for example:
(fancyhdr)                \setlength{\headheight}{13.59999pt}.
(fancyhdr)                You might also make \topmargin smaller:
(fancyhdr)                \addtolength{\topmargin}{-1.59999pt}.

[168]


Package fancyhdr Warning: \headheight is too small (12.0pt): 
(fancyhdr)                Make it at least 13.59999pt, for example:
(fancyhdr)                \setlength{\headheight}{13.59999pt}.
(fancyhdr)                You might also make \topmargin smaller:
(fancyhdr)                \addtolength{\topmargin}{-1.59999pt}.

[169]
Underfull \hbox (badness 10000) in alignment at lines 6227--6239
[] [] [] []
 []


Underfull \hbox (badness 10000) in alignment at lines 6239--6241
[] [] [] []
 []


Underfull \hbox (badness 10000) in alignment at lines 6241--6246
[] [] [] []
 []


Underfull \vbox (badness 2469) has occurred while \output is active []




Package fancyhdr Warning: \headheight is too small (12.0pt): 
(fancyhdr)                Make it at least 13.59999pt, for example:
(fancyhdr)                \setlength{\headheight}{13.59999pt}.
(fancyhdr)                You might also make \topmargin smaller:
(fancyhdr)                \addtolength{\topmargin}{-1.59999pt}.

[170]
Underfull \hbox (badness 10000) in alignment at lines 6285--6289
[] []
 []


Underfull \hbox (badness 10000) in alignment at lines 6289--6291
[] []
 []


Underfull \hbox (badness 10000) in alignment at lines 6291--6295
[] []
 []

File: images/1201-z-schema.png Graphic file (type bmp)
<images/1201-z-schema.png>



Package fancyhdr Warning: \headheight is too small (12.0pt): 
(fancyhdr)                Make it at least 13.59999pt, for example:
(fancyhdr)                \setlength{\headheight}{13.59999pt}.
(fancyhdr)                You might also make \topmargin smaller:
(fancyhdr)                \addtolength{\topmargin}{-1.59999pt}.

[171]
Underfull \hbox (badness 10000) in alignment at lines 6338--6342
[] [] []
 []


Underfull \hbox (badness 10000) in alignment at lines 6342--6344
[] [] []
 []


Underfull \hbox (badness 10000) in alignment at lines 6344--6348
[] [] []
 []

File: images/1202-ai-formal-loop.png Graphic file (type bmp)
<images/1202-ai-formal-loop.png>

Underfull \vbox (badness 2469) has occurred while \output is active []




Package fancyhdr Warning: \headheight is too small (12.0pt): 
(fancyhdr)                Make it at least 13.59999pt, for example:
(fancyhdr)                \setlength{\headheight}{13.59999pt}.
(fancyhdr)                You might also make \topmargin smaller:
(fancyhdr)                \addtolength{\topmargin}{-1.59999pt}.

[172]


Package fancyhdr Warning: \headheight is too small (12.0pt): 
(fancyhdr)                Make it at least 13.59999pt, for example:
(fancyhdr)                \setlength{\headheight}{13.59999pt}.
(fancyhdr)                You might also make \topmargin smaller:
(fancyhdr)                \addtolength{\topmargin}{-1.59999pt}.

[173]
Underfull \hbox (badness 10000) in alignment at lines 6414--6424
[] [] []
 []


Underfull \hbox (badness 10000) in alignment at lines 6424--6426
[] [] []
 []


Underfull \hbox (badness 10000) in alignment at lines 6426--6432
[] [] []
 []




Package fancyhdr Warning: \headheight is too small (12.0pt): 
(fancyhdr)                Make it at least 13.59999pt, for example:
(fancyhdr)                \setlength{\headheight}{13.59999pt}.
(fancyhdr)                You might also make \topmargin smaller:
(fancyhdr)                \addtolength{\topmargin}{-1.59999pt}.

[174]
File: images/1200-formal-verify.png Graphic file (type bmp)
<images/1200-formal-verify.png>

Underfull \hbox (badness 10000) in alignment at lines 6466--6470
[] [] []
 []


Underfull \hbox (badness 10000) in alignment at lines 6470--6472
[] [] []
 []


Underfull \hbox (badness 10000) in alignment at lines 6472--6477
[] [] []
 []




Package fancyhdr Warning: \headheight is too small (12.0pt): 
(fancyhdr)                Make it at least 13.59999pt, for example:
(fancyhdr)                \setlength{\headheight}{13.59999pt}.
(fancyhdr)                You might also make \topmargin smaller:
(fancyhdr)                \addtolength{\topmargin}{-1.59999pt}.

[175]
Underfull \hbox (badness 10000) in alignment at lines 6517--6527
[] [] []
 []


Underfull \hbox (badness 10000) in alignment at lines 6527--6529
[] [] []
 []


Underfull \hbox (badness 10000) in alignment at lines 6529--6538
[] [] []
 []




Package fancyhdr Warning: \headheight is too small (12.0pt): 
(fancyhdr)                Make it at least 13.59999pt, for example:
(fancyhdr)                \setlength{\headheight}{13.59999pt}.
(fancyhdr)                You might also make \topmargin smaller:
(fancyhdr)                \addtolength{\topmargin}{-1.59999pt}.

[176]
File: images/1200-verification-boundary.png Graphic file (type bmp)
<images/1200-verification-boundary.png>

Underfull \hbox (badness 10000) in alignment at lines 6557--6561
[] [] []
 []


Underfull \hbox (badness 10000) in alignment at lines 6561--6563
[] [] []
 []


Underfull \hbox (badness 10000) in alignment at lines 6563--6568
[] [] []
 []

File: images/1200-ai-verification-stack.png Graphic file (type bmp)
<images/1200-ai-verification-stack.png>

Underfull \vbox (badness 10000) has occurred while \output is active []




Package fancyhdr Warning: \headheight is too small (12.0pt): 
(fancyhdr)                Make it at least 13.59999pt, for example:
(fancyhdr)                \setlength{\headheight}{13.59999pt}.
(fancyhdr)                You might also make \topmargin smaller:
(fancyhdr)                \addtolength{\topmargin}{-1.59999pt}.

[177]


Package fancyhdr Warning: \headheight is too small (12.0pt): 
(fancyhdr)                Make it at least 13.59999pt, for example:
(fancyhdr)                \setlength{\headheight}{13.59999pt}.
(fancyhdr)                You might also make \topmargin smaller:
(fancyhdr)                \addtolength{\topmargin}{-1.59999pt}.

[178]
第八章
File: images/chap13-management-prj-01.png Graphic file (type bmp)
<images/chap13-management-prj-01.png>
File: images/chap13-management-team-01.png Graphic file (type bmp)
<images/chap13-management-team-01.png>
File: images/chap13-management-team-02.png Graphic file (type bmp)
<images/chap13-management-team-02.png>

Underfull \hbox (badness 10000) in alignment at lines 6619--6623
[] []
 []


Underfull \hbox (badness 10000) in alignment at lines 6623--6625
[] []
 []


Underfull \hbox (badness 10000) in alignment at lines 6625--6632
[] []
 []


Underfull \vbox (badness 10000) has occurred while \output is active []



[179

]
File: images/chap13-management-comm-02.png Graphic file (type bmp)
<images/chap13-management-comm-02.png>



Package fancyhdr Warning: \headheight is too small (12.0pt): 
(fancyhdr)                Make it at least 13.59999pt, for example:
(fancyhdr)                \setlength{\headheight}{13.59999pt}.
(fancyhdr)                You might also make \topmargin smaller:
(fancyhdr)                \addtolength{\topmargin}{-1.59999pt}.

[180]
File: images/chap13-management-plan-05.png Graphic file (type bmp)
<images/chap13-management-plan-05.png>



Package fancyhdr Warning: \headheight is too small (12.0pt): 
(fancyhdr)                Make it at least 13.59999pt, for example:
(fancyhdr)                \setlength{\headheight}{13.59999pt}.
(fancyhdr)                You might also make \topmargin smaller:
(fancyhdr)                \addtolength{\topmargin}{-1.59999pt}.

[181]
File: images/1303-iter-gantt.png Graphic file (type bmp)
<images/1303-iter-gantt.png>
File: images/chap13-management-risk-01.png Graphic file (type bmp)
<images/chap13-management-risk-01.png>

Underfull \vbox (badness 10000) has occurred while \output is active []




Package fancyhdr Warning: \headheight is too small (12.0pt): 
(fancyhdr)                Make it at least 13.59999pt, for example:
(fancyhdr)                \setlength{\headheight}{13.59999pt}.
(fancyhdr)                You might also make \topmargin smaller:
(fancyhdr)                \addtolength{\topmargin}{-1.59999pt}.

[182]
Underfull \hbox (badness 10000) in alignment at lines 6765--6769
[] [] [] []
 []


Underfull \hbox (badness 10000) in alignment at lines 6769--6771
[] [] [] []
 []


Underfull \hbox (badness 10000) in alignment at lines 6771--6781
[] [] [] []
 []




Package fancyhdr Warning: \headheight is too small (12.0pt): 
(fancyhdr)                Make it at least 13.59999pt, for example:
(fancyhdr)                \setlength{\headheight}{13.59999pt}.
(fancyhdr)                You might also make \topmargin smaller:
(fancyhdr)                \addtolength{\topmargin}{-1.59999pt}.

[183]
Underfull \hbox (badness 10000) in alignment at lines 6804--6814
[] [] []
 []


Underfull \hbox (badness 10000) in alignment at lines 6814--6816
[] [] []
 []


Underfull \hbox (badness 10000) in alignment at lines 6816--6821
[] [] []
 []


Underfull \hbox (badness 10000) in alignment at lines 6832--6836
[] [] []
 []


Underfull \hbox (badness 10000) in alignment at lines 6836--6838
[] [] []
 []


Underfull \hbox (badness 10000) in alignment at lines 6838--6842
[] [] []
 []


Underfull \vbox (badness 6658) has occurred while \output is active []




Package fancyhdr Warning: \headheight is too small (12.0pt): 
(fancyhdr)                Make it at least 13.59999pt, for example:
(fancyhdr)                \setlength{\headheight}{13.59999pt}.
(fancyhdr)                You might also make \topmargin smaller:
(fancyhdr)                \addtolength{\topmargin}{-1.59999pt}.

[184]
Underfull \hbox (badness 10000) in alignment at lines 6891--6895
[] []
 []


Underfull \hbox (badness 10000) in alignment at lines 6895--6897
[] []
 []


Underfull \hbox (badness 10000) in alignment at lines 6897--6902
[] []
 []




Package fancyhdr Warning: \headheight is too small (12.0pt): 
(fancyhdr)                Make it at least 13.59999pt, for example:
(fancyhdr)                \setlength{\headheight}{13.59999pt}.
(fancyhdr)                You might also make \topmargin smaller:
(fancyhdr)                \addtolength{\topmargin}{-1.59999pt}.

[185]
File: images/chap13-management-conf-03.png Graphic file (type bmp)
<images/chap13-management-conf-03.png>
File: images/chap13-management-conf-08.png Graphic file (type bmp)
<images/chap13-management-conf-08.png>

Overfull \hbox (8.6896pt too wide) in paragraph at lines 6915--6917
[][]\TU/SimSun(0)/m/n/12 常 用 工 具 包 括 \TU/TimesNewRoman(0)/m/n/12 Rational Clear
Case\TU/SimSun(0)/m/n/12 、| \TU/TimesNewRoman(0)/m/n/12 Mi-
 []


Underfull \vbox (badness 10000) has occurred while \output is active []




Package fancyhdr Warning: \headheight is too small (12.0pt): 
(fancyhdr)                Make it at least 13.59999pt, for example:
(fancyhdr)                \setlength{\headheight}{13.59999pt}.
(fancyhdr)                You might also make \topmargin smaller:
(fancyhdr)                \addtolength{\topmargin}{-1.59999pt}.

[186]
Underfull \hbox (badness 10000) in alignment at lines 6938--6942
[] [] []
 []


Underfull \hbox (badness 10000) in alignment at lines 6942--6944
[] [] []
 []


Underfull \hbox (badness 10000) in alignment at lines 6944--6949
[] [] []
 []

File: images/1301-ai-mgmt.png Graphic file (type bmp)
<images/1301-ai-mgmt.png>

Underfull \hbox (badness 10000) in alignment at lines 6976--6980
[] [] []
 []


Underfull \hbox (badness 10000) in alignment at lines 6980--6982
[] [] []
 []


Underfull \hbox (badness 10000) in alignment at lines 6982--6986
[] [] []
 []




Package fancyhdr Warning: \headheight is too small (12.0pt): 
(fancyhdr)                Make it at least 13.59999pt, for example:
(fancyhdr)                \setlength{\headheight}{13.59999pt}.
(fancyhdr)                You might also make \topmargin smaller:
(fancyhdr)                \addtolength{\topmargin}{-1.59999pt}.

[187]
Underfull \hbox (badness 10000) in alignment at lines 6998--7008
[] [] []
 []


Underfull \hbox (badness 10000) in alignment at lines 7008--7010
[] [] []
 []


Underfull \hbox (badness 10000) in alignment at lines 7010--7016
[] [] []
 []




Package fancyhdr Warning: \headheight is too small (12.0pt): 
(fancyhdr)                Make it at least 13.59999pt, for example:
(fancyhdr)                \setlength{\headheight}{13.59999pt}.
(fancyhdr)                You might also make \topmargin smaller:
(fancyhdr)                \addtolength{\topmargin}{-1.59999pt}.

[188]
Underfull \hbox (badness 10000) in alignment at lines 7051--7061
[] [] []
 []


Underfull \hbox (badness 10000) in alignment at lines 7061--7063
[] [] []
 []


Underfull \hbox (badness 10000) in alignment at lines 7063--7072
[] [] []
 []

File: images/1300-mgmt-assistant.png Graphic file (type bmp)
<images/1300-mgmt-assistant.png>

Underfull \vbox (badness 4403) has occurred while \output is active []




Package fancyhdr Warning: \headheight is too small (12.0pt): 
(fancyhdr)                Make it at least 13.59999pt, for example:
(fancyhdr)                \setlength{\headheight}{13.59999pt}.
(fancyhdr)                You might also make \topmargin smaller:
(fancyhdr)                \addtolength{\topmargin}{-1.59999pt}.

[189]
Underfull \hbox (badness 10000) in alignment at lines 7116--7120
[] [] [] []
 []


Underfull \hbox (badness 10000) in alignment at lines 7120--7122
[] [] [] []
 []


Underfull \hbox (badness 10000) in alignment at lines 7122--7127
[] [] [] []
 []




Package fancyhdr Warning: \headheight is too small (12.0pt): 
(fancyhdr)                Make it at least 13.59999pt, for example:
(fancyhdr)                \setlength{\headheight}{13.59999pt}.
(fancyhdr)                You might also make \topmargin smaller:
(fancyhdr)                \addtolength{\topmargin}{-1.59999pt}.

[190]
Underfull \hbox (badness 10000) in alignment at lines 7155--7165
[] [] []
 []


Underfull \hbox (badness 10000) in alignment at lines 7165--7167
[] [] []
 []


Underfull \hbox (badness 10000) in alignment at lines 7167--7176
[] [] []
 []

File: images/1300-estimate-cross-check.png Graphic file (type bmp)
<images/1300-estimate-cross-check.png>

Underfull \vbox (badness 10000) has occurred while \output is active []




Package fancyhdr Warning: \headheight is too small (12.0pt): 
(fancyhdr)                Make it at least 13.59999pt, for example:
(fancyhdr)                \setlength{\headheight}{13.59999pt}.
(fancyhdr)                You might also make \topmargin smaller:
(fancyhdr)                \addtolength{\topmargin}{-1.59999pt}.

[191]
Underfull \hbox (badness 10000) in alignment at lines 7195--7199
[] [] []
 []


Underfull \hbox (badness 10000) in alignment at lines 7199--7201
[] [] []
 []


Underfull \hbox (badness 10000) in alignment at lines 7201--7206
[] [] []
 []

File: images/1300-dora-loop.png Graphic file (type bmp)
<images/1300-dora-loop.png>

Underfull \vbox (badness 10000) has occurred while \output is active []




Package fancyhdr Warning: \headheight is too small (12.0pt): 
(fancyhdr)                Make it at least 13.59999pt, for example:
(fancyhdr)                \setlength{\headheight}{13.59999pt}.
(fancyhdr)                You might also make \topmargin smaller:
(fancyhdr)                \addtolength{\topmargin}{-1.59999pt}.

[192]
Underfull \hbox (badness 10000) in alignment at lines 7225--7237
[] [] [] []
 []


Underfull \hbox (badness 10000) in alignment at lines 7237--7239
[] [] [] []
 []


Underfull \hbox (badness 10000) in alignment at lines 7239--7246
[] [] [] []
 []




Package fancyhdr Warning: \headheight is too small (12.0pt): 
(fancyhdr)                Make it at least 13.59999pt, for example:
(fancyhdr)                \setlength{\headheight}{13.59999pt}.
(fancyhdr)                You might also make \topmargin smaller:
(fancyhdr)                \addtolength{\topmargin}{-1.59999pt}.

[193]
File: images/1301-retro-loop.png Graphic file (type bmp)
<images/1301-retro-loop.png>



Package fancyhdr Warning: \headheight is too small (12.0pt): 
(fancyhdr)                Make it at least 13.59999pt, for example:
(fancyhdr)                \setlength{\headheight}{13.59999pt}.
(fancyhdr)                You might also make \topmargin smaller:
(fancyhdr)                \addtolength{\topmargin}{-1.59999pt}.

[194]
第九章
File: images/chap15-introduction-08.png Graphic file (type bmp)
<images/chap15-introduction-08.png>


[195

]
Underfull \hbox (badness 10000) in alignment at lines 7322--7326
[] [] []
 []


Underfull \hbox (badness 10000) in alignment at lines 7326--7328
[] [] []
 []


Underfull \hbox (badness 10000) in alignment at lines 7328--7335
[] [] []
 []

File: images/1401-case-lifecycle.png Graphic file (type bmp)
<images/1401-case-lifecycle.png>



Package fancyhdr Warning: \headheight is too small (12.0pt): 
(fancyhdr)                Make it at least 13.59999pt, for example:
(fancyhdr)                \setlength{\headheight}{13.59999pt}.
(fancyhdr)                You might also make \topmargin smaller:
(fancyhdr)                \addtolength{\topmargin}{-1.59999pt}.

[196]
File: images/1400-tool-chain.png Graphic file (type bmp)
<images/1400-tool-chain.png>

Underfull \hbox (badness 10000) in alignment at lines 7389--7399
[] [] []
 []


Underfull \hbox (badness 10000) in alignment at lines 7399--7401
[] [] []
 []


Underfull \hbox (badness 10000) in alignment at lines 7401--7406
[] [] []
 []




Package fancyhdr Warning: \headheight is too small (12.0pt): 
(fancyhdr)                Make it at least 13.59999pt, for example:
(fancyhdr)                \setlength{\headheight}{13.59999pt}.
(fancyhdr)                You might also make \topmargin smaller:
(fancyhdr)                \addtolength{\topmargin}{-1.59999pt}.

[197]
Underfull \hbox (badness 10000) in alignment at lines 7418--7430
[] [] [] []
 []


Underfull \hbox (badness 10000) in alignment at lines 7430--7432
[] [] [] []
 []


Underfull \hbox (badness 10000) in alignment at lines 7432--7447
[] [] [] []
 []


Underfull \vbox (badness 5175) has occurred while \output is active []




Package fancyhdr Warning: \headheight is too small (12.0pt): 
(fancyhdr)                Make it at least 13.59999pt, for example:
(fancyhdr)                \setlength{\headheight}{13.59999pt}.
(fancyhdr)                You might also make \topmargin smaller:
(fancyhdr)                \addtolength{\topmargin}{-1.59999pt}.

[198]
File: images/1404-integration-arch.png Graphic file (type bmp)
<images/1404-integration-arch.png>

Underfull \vbox (badness 10000) has occurred while \output is active []




Package fancyhdr Warning: \headheight is too small (12.0pt): 
(fancyhdr)                Make it at least 13.59999pt, for example:
(fancyhdr)                \setlength{\headheight}{13.59999pt}.
(fancyhdr)                You might also make \topmargin smaller:
(fancyhdr)                \addtolength{\topmargin}{-1.59999pt}.

[199]
File: images/1402-process-tool.png Graphic file (type bmp)
<images/1402-process-tool.png>

Underfull \hbox (badness 10000) in alignment at lines 7499--7503
[] []
 []


Underfull \hbox (badness 10000) in alignment at lines 7503--7505
[] []
 []


Underfull \hbox (badness 10000) in alignment at lines 7505--7511
[] []
 []


Package fancyhdr Warning: \headheight is too small (12.0pt): 
(fancyhdr)                Make it at least 13.59999pt, for example:
(fancyhdr)                \setlength{\headheight}{13.59999pt}.
(fancyhdr)                You might also make \topmargin smaller:
(fancyhdr)                \addtolength{\topmargin}{-1.59999pt}.

[200]
Underfull \hbox (badness 10000) in alignment at lines 7520--7524
[] []
 []


Underfull \hbox (badness 10000) in alignment at lines 7524--7526
[] []
 []


Underfull \hbox (badness 10000) in alignment at lines 7526--7532
[] []
 []

File: images/1403-eval-dim.png Graphic file (type bmp)
<images/1403-eval-dim.png>

Underfull \vbox (badness 10000) has occurred while \output is active []




Package fancyhdr Warning: \headheight is too small (12.0pt): 
(fancyhdr)                Make it at least 13.59999pt, for example:
(fancyhdr)                \setlength{\headheight}{13.59999pt}.
(fancyhdr)                You might also make \topmargin smaller:
(fancyhdr)                \addtolength{\topmargin}{-1.59999pt}.

[201]


Package fancyhdr Warning: \headheight is too small (12.0pt): 
(fancyhdr)                Make it at least 13.59999pt, for example:
(fancyhdr)                \setlength{\headheight}{13.59999pt}.
(fancyhdr)                You might also make \topmargin smaller:
(fancyhdr)                \addtolength{\topmargin}{-1.59999pt}.

[202]
File: images/1400-prompt-cm-lifecycle.png Graphic file (type bmp)
<images/1400-prompt-cm-lifecycle.png>

Underfull \hbox (badness 10000) in alignment at lines 7589--7599
[] [] []
 []


Underfull \hbox (badness 10000) in alignment at lines 7599--7601
[] [] []
 []


Underfull \hbox (badness 10000) in alignment at lines 7601--7608
[] [] []
 []


Underfull \hbox (badness 10000) in alignment at lines 7621--7625
[] [] []
 []


Underfull \hbox (badness 10000) in alignment at lines 7625--7627
[] [] []
 []


Underfull \hbox (badness 10000) in alignment at lines 7627--7632
[] [] []
 []




Package fancyhdr Warning: \headheight is too small (12.0pt): 
(fancyhdr)                Make it at least 13.59999pt, for example:
(fancyhdr)                \setlength{\headheight}{13.59999pt}.
(fancyhdr)                You might also make \topmargin smaller:
(fancyhdr)                \addtolength{\topmargin}{-1.59999pt}.

[203]
File: images/1400-modern-toolchain.png Graphic file (type bmp)
<images/1400-modern-toolchain.png>

Underfull \hbox (badness 10000) in alignment at lines 7654--7662
[] []
 []


Underfull \hbox (badness 10000) in alignment at lines 7662--7664
[] []
 []


Underfull \hbox (badness 10000) in alignment at lines 7664--7674
[] []
 []




Package fancyhdr Warning: \headheight is too small (12.0pt): 
(fancyhdr)                Make it at least 13.59999pt, for example:
(fancyhdr)                \setlength{\headheight}{13.59999pt}.
(fancyhdr)                You might also make \topmargin smaller:
(fancyhdr)                \addtolength{\topmargin}{-1.59999pt}.

[204]
File: images/1501-team-network.png Graphic file (type bmp)
<images/1501-team-network.png>



Package fancyhdr Warning: \headheight is too small (12.0pt): 
(fancyhdr)                Make it at least 13.59999pt, for example:
(fancyhdr)                \setlength{\headheight}{13.59999pt}.
(fancyhdr)                You might also make \topmargin smaller:
(fancyhdr)                \addtolength{\topmargin}{-1.59999pt}.

[205]
Underfull \hbox (badness 10000) in alignment at lines 7713--7717
[] [] []
 []


Underfull \hbox (badness 10000) in alignment at lines 7717--7719
[] [] []
 []


Underfull \hbox (badness 10000) in alignment at lines 7719--7724
[] [] []
 []

File: images/1502-pair-loop.png Graphic file (type bmp)
<images/1502-pair-loop.png>



Package fancyhdr Warning: \headheight is too small (12.0pt): 
(fancyhdr)                Make it at least 13.59999pt, for example:
(fancyhdr)                \setlength{\headheight}{13.59999pt}.
(fancyhdr)                You might also make \topmargin smaller:
(fancyhdr)                \addtolength{\topmargin}{-1.59999pt}.

[206]
Underfull \hbox (badness 10000) in alignment at lines 7738--7742
[] [] []
 []


Underfull \hbox (badness 10000) in alignment at lines 7742--7744
[] [] []
 []


Underfull \hbox (badness 10000) in alignment at lines 7744--7749
[] [] []
 []


Underfull \hbox (badness 10000) in alignment at lines 7761--7771
[] [] []
 []


Underfull \hbox (badness 10000) in alignment at lines 7771--7773
[] [] []
 []


Underfull \hbox (badness 10000) in alignment at lines 7773--7779
[] [] []
 []




Package fancyhdr Warning: \headheight is too small (12.0pt): 
(fancyhdr)                Make it at least 13.59999pt, for example:
(fancyhdr)                \setlength{\headheight}{13.59999pt}.
(fancyhdr)                You might also make \topmargin smaller:
(fancyhdr)                \addtolength{\topmargin}{-1.59999pt}.

[207]
Underfull \hbox (badness 10000) in alignment at lines 7817--7821
[] [] []
 []


Underfull \hbox (badness 10000) in alignment at lines 7821--7823
[] [] []
 []


Underfull \hbox (badness 10000) in alignment at lines 7823--7829
[] [] []
 []

File: images/chap14-judge.png Graphic file (type bmp)
<images/chap14-judge.png>



Package fancyhdr Warning: \headheight is too small (12.0pt): 
(fancyhdr)                Make it at least 13.59999pt, for example:
(fancyhdr)                \setlength{\headheight}{13.59999pt}.
(fancyhdr)                You might also make \topmargin smaller:
(fancyhdr)                \addtolength{\topmargin}{-1.59999pt}.

[208]
Underfull \hbox (badness 10000) in alignment at lines 7872--7882
[] [] []
 []


Underfull \hbox (badness 10000) in alignment at lines 7882--7884
[] [] []
 []


Underfull \hbox (badness 10000) in alignment at lines 7884--7891
[] [] []
 []

File: images/1503-ethics-dimensions.png Graphic file (type bmp)
<images/1503-ethics-dimensions.png>

Underfull \vbox (badness 10000) has occurred while \output is active []




Package fancyhdr Warning: \headheight is too small (12.0pt): 
(fancyhdr)                Make it at least 13.59999pt, for example:
(fancyhdr)                \setlength{\headheight}{13.59999pt}.
(fancyhdr)                You might also make \topmargin smaller:
(fancyhdr)                \addtolength{\topmargin}{-1.59999pt}.

[209]


Package fancyhdr Warning: \headheight is too small (12.0pt): 
(fancyhdr)                Make it at least 13.59999pt, for example:
(fancyhdr)                \setlength{\headheight}{13.59999pt}.
(fancyhdr)                You might also make \topmargin smaller:
(fancyhdr)                \addtolength{\topmargin}{-1.59999pt}.

[210]
Underfull \hbox (badness 10000) in alignment at lines 7941--7951
[] [] []
 []


Underfull \hbox (badness 10000) in alignment at lines 7951--7953
[] [] []
 []


Underfull \hbox (badness 10000) in alignment at lines 7953--7960
[] [] []
 []

File: images/1500-trustworthy-ai.png Graphic file (type bmp)
<images/1500-trustworthy-ai.png>



Package fancyhdr Warning: \headheight is too small (12.0pt): 
(fancyhdr)                Make it at least 13.59999pt, for example:
(fancyhdr)                \setlength{\headheight}{13.59999pt}.
(fancyhdr)                You might also make \topmargin smaller:
(fancyhdr)                \addtolength{\topmargin}{-1.59999pt}.

[211]
File: images/1504-ethics-flow.png Graphic file (type bmp)
<images/1504-ethics-flow.png>
File: images/1500-ethics-to-engineering.png Graphic file (type bmp)
<images/1500-ethics-to-engineering.png>

Underfull \vbox (badness 10000) has occurred while \output is active []




Package fancyhdr Warning: \headheight is too small (12.0pt): 
(fancyhdr)                Make it at least 13.59999pt, for example:
(fancyhdr)                \setlength{\headheight}{13.59999pt}.
(fancyhdr)                You might also make \topmargin smaller:
(fancyhdr)                \addtolength{\topmargin}{-1.59999pt}.

[212]
Underfull \hbox (badness 10000) in alignment at lines 7992--7996
[] []
 []


Underfull \hbox (badness 10000) in alignment at lines 7996--7998
[] []
 []


Underfull \hbox (badness 10000) in alignment at lines 7998--8003
[] []
 []


Underfull \hbox (badness 10000) in alignment at lines 8020--8024
[] [] []
 []


Underfull \hbox (badness 10000) in alignment at lines 8024--8026
[] [] []
 []


Underfull \hbox (badness 10000) in alignment at lines 8026--8031
[] [] []
 []


Package fancyhdr Warning: \headheight is too small (12.0pt): 
(fancyhdr)                Make it at least 13.59999pt, for example:
(fancyhdr)                \setlength{\headheight}{13.59999pt}.
(fancyhdr)                You might also make \topmargin smaller:
(fancyhdr)                \addtolength{\topmargin}{-1.59999pt}.

[213]
File: images/1500-ai-governance-stack.png Graphic file (type bmp)
<images/1500-ai-governance-stack.png>



Package fancyhdr Warning: \headheight is too small (12.0pt): 
(fancyhdr)                Make it at least 13.59999pt, for example:
(fancyhdr)                \setlength{\headheight}{13.59999pt}.
(fancyhdr)                You might also make \topmargin smaller:
(fancyhdr)                \addtolength{\topmargin}{-1.59999pt}.

[214]
第十章
File: images/1600-ai-features.png Graphic file (type bmp)
<images/1600-ai-features.png>


[215

]
Underfull \hbox (badness 10000) in alignment at lines 8110--8122
[] [] [] []
 []


Underfull \hbox (badness 10000) in alignment at lines 8122--8124
[] [] [] []
 []


Underfull \hbox (badness 10000) in alignment at lines 8124--8129
[] [] [] []
 []


Underfull \hbox (badness 10000) in alignment at lines 8155--8159
[] [] []
 []


Underfull \hbox (badness 10000) in alignment at lines 8159--8161
[] [] []
 []


Underfull \hbox (badness 10000) in alignment at lines 8161--8167
[] [] []
 []


Package fancyhdr Warning: \headheight is too small (12.0pt): 
(fancyhdr)                Make it at least 13.59999pt, for example:
(fancyhdr)                \setlength{\headheight}{13.59999pt}.
(fancyhdr)                You might also make \topmargin smaller:
(fancyhdr)                \addtolength{\topmargin}{-1.59999pt}.

[216]
File: images/1601-data-pipeline.png Graphic file (type bmp)
<images/1601-data-pipeline.png>
File: images/1606-data-lineage.png Graphic file (type bmp)
<images/1606-data-lineage.png>

Underfull \vbox (badness 5161) has occurred while \output is active []




Package fancyhdr Warning: \headheight is too small (12.0pt): 
(fancyhdr)                Make it at least 13.59999pt, for example:
(fancyhdr)                \setlength{\headheight}{13.59999pt}.
(fancyhdr)                You might also make \topmargin smaller:
(fancyhdr)                \addtolength{\topmargin}{-1.59999pt}.

[217]
File: images/1604-drift-detection.png Graphic file (type bmp)
<images/1604-drift-detection.png>

Underfull \hbox (badness 10000) in alignment at lines 8216--8220
[] []
 []


Underfull \hbox (badness 10000) in alignment at lines 8220--8222
[] []
 []


Underfull \hbox (badness 10000) in alignment at lines 8222--8227
[] []
 []




Package fancyhdr Warning: \headheight is too small (12.0pt): 
(fancyhdr)                Make it at least 13.59999pt, for example:
(fancyhdr)                \setlength{\headheight}{13.59999pt}.
(fancyhdr)                You might also make \topmargin smaller:
(fancyhdr)                \addtolength{\topmargin}{-1.59999pt}.

[218]
File: images/1602-experiment-loop.png Graphic file (type bmp)
<images/1602-experiment-loop.png>

Underfull \hbox (badness 10000) in alignment at lines 8247--8251
[] []
 []


Underfull \hbox (badness 10000) in alignment at lines 8251--8253
[] []
 []


Underfull \hbox (badness 10000) in alignment at lines 8253--8258
[] []
 []




Package fancyhdr Warning: \headheight is too small (12.0pt): 
(fancyhdr)                Make it at least 13.59999pt, for example:
(fancyhdr)                \setlength{\headheight}{13.59999pt}.
(fancyhdr)                You might also make \topmargin smaller:
(fancyhdr)                \addtolength{\topmargin}{-1.59999pt}.

[219]
Underfull \hbox (badness 10000) in alignment at lines 8284--8288
[] [] []
 []


Underfull \hbox (badness 10000) in alignment at lines 8288--8290
[] [] []
 []


Underfull \hbox (badness 10000) in alignment at lines 8290--8297
[] [] []
 []


Underfull \hbox (badness 10000) in alignment at lines 8304--8308
[] [] []
 []


Underfull \hbox (badness 10000) in alignment at lines 8308--8310
[] [] []
 []


Underfull \hbox (badness 10000) in alignment at lines 8310--8316
[] [] []
 []




Package fancyhdr Warning: \headheight is too small (12.0pt): 
(fancyhdr)                Make it at least 13.59999pt, for example:
(fancyhdr)                \setlength{\headheight}{13.59999pt}.
(fancyhdr)                You might also make \topmargin smaller:
(fancyhdr)                \addtolength{\topmargin}{-1.59999pt}.

[220]
Underfull \hbox (badness 10000) in alignment at lines 8336--8340
[] [] []
 []


Underfull \hbox (badness 10000) in alignment at lines 8340--8342
[] [] []
 []


Underfull \hbox (badness 10000) in alignment at lines 8342--8349
[] [] []
 []


Underfull \vbox (badness 10000) has occurred while \output is active []




Package fancyhdr Warning: \headheight is too small (12.0pt): 
(fancyhdr)                Make it at least 13.59999pt, for example:
(fancyhdr)                \setlength{\headheight}{13.59999pt}.
(fancyhdr)                You might also make \topmargin smaller:
(fancyhdr)                \addtolength{\topmargin}{-1.59999pt}.

[221]
Underfull \hbox (badness 10000) in alignment at lines 8362--8372
[] [] []
 []


Underfull \hbox (badness 10000) in alignment at lines 8372--8374
[] [] []
 []


Underfull \hbox (badness 10000) in alignment at lines 8374--8383
[] [] []
 []


Underfull \hbox (badness 10000) in alignment at lines 8389--8393
[] [] []
 []


Underfull \hbox (badness 10000) in alignment at lines 8393--8395
[] [] []
 []


Underfull \hbox (badness 10000) in alignment at lines 8395--8400
[] [] []
 []


Underfull \hbox (badness 10000) in alignment at lines 8414--8418
[] []
 []


Underfull \hbox (badness 10000) in alignment at lines 8418--8420
[] []
 []


Underfull \hbox (badness 10000) in alignment at lines 8420--8426
[] []
 []




Package fancyhdr Warning: \headheight is too small (12.0pt): 
(fancyhdr)                Make it at least 13.59999pt, for example:
(fancyhdr)                \setlength{\headheight}{13.59999pt}.
(fancyhdr)                You might also make \topmargin smaller:
(fancyhdr)                \addtolength{\topmargin}{-1.59999pt}.

[222]
Underfull \hbox (badness 10000) in alignment at lines 8449--8453
[] [] []
 []


Underfull \hbox (badness 10000) in alignment at lines 8453--8455
[] [] []
 []


Underfull \hbox (badness 10000) in alignment at lines 8455--8460
[] [] []
 []


Underfull \hbox (badness 10000) in alignment at lines 8468--8472
[] []
 []


Underfull \hbox (badness 10000) in alignment at lines 8472--8474
[] []
 []


Underfull \hbox (badness 10000) in alignment at lines 8474--8481
[] []
 []


Package fancyhdr Warning: \headheight is too small (12.0pt): 
(fancyhdr)                Make it at least 13.59999pt, for example:
(fancyhdr)                \setlength{\headheight}{13.59999pt}.
(fancyhdr)                You might also make \topmargin smaller:
(fancyhdr)                \addtolength{\topmargin}{-1.59999pt}.

[223]
File: images/1600-mlops-closed-loop.png Graphic file (type bmp)
<images/1600-mlops-closed-loop.png>

Underfull \hbox (badness 10000) in alignment at lines 8517--8529
[] [] [] []
 []


Underfull \hbox (badness 10000) in alignment at lines 8529--8531
[] [] [] []
 []


Underfull \hbox (badness 10000) in alignment at lines 8531--8537
[] [] [] []
 []




Package fancyhdr Warning: \headheight is too small (12.0pt): 
(fancyhdr)                Make it at least 13.59999pt, for example:
(fancyhdr)                \setlength{\headheight}{13.59999pt}.
(fancyhdr)                You might also make \topmargin smaller:
(fancyhdr)                \addtolength{\topmargin}{-1.59999pt}.

[224]
Underfull \hbox (badness 10000) in alignment at lines 8559--8571
[] [] [] []
 []


Underfull \hbox (badness 10000) in alignment at lines 8571--8573
[] [] [] []
 []


Underfull \hbox (badness 10000) in alignment at lines 8573--8580
[] [] [] []
 []




Package fancyhdr Warning: \headheight is too small (12.0pt): 
(fancyhdr)                Make it at least 13.59999pt, for example:
(fancyhdr)                \setlength{\headheight}{13.59999pt}.
(fancyhdr)                You might also make \topmargin smaller:
(fancyhdr)                \addtolength{\topmargin}{-1.59999pt}.

[225]
Overfull \hbox (1.53615pt too wide) in paragraph at lines 8614--8617
[]\TU/SimSun(0)/m/n/12 此 外，| \TU/TimesNewRoman(0)/m/n/12 AI \TU/SimSun(0)/m/n/1
2 系 统 涉 及 的 数 据 收 集 与 使 用 必 须 遵 守 隐 私 法 规  |（如 个 人 信 息 保 护 法、| \TU/TimesNewRoma
n(0)/m/n/12 GDPR\TU/SimSun(0)/m/n/12 ） ，|
 []


Underfull \hbox (badness 10000) in alignment at lines 8619--8623
[] [] []
 []


Underfull \hbox (badness 10000) in alignment at lines 8623--8625
[] [] []
 []


Underfull \hbox (badness 10000) in alignment at lines 8625--8629
[] [] []
 []

File: images/1603-ai-testing.png Graphic file (type bmp)
<images/1603-ai-testing.png>



Package fancyhdr Warning: \headheight is too small (12.0pt): 
(fancyhdr)                Make it at least 13.59999pt, for example:
(fancyhdr)                \setlength{\headheight}{13.59999pt}.
(fancyhdr)                You might also make \topmargin smaller:
(fancyhdr)                \addtolength{\topmargin}{-1.59999pt}.

[226]
File: images/1605-llmops-vs-mlops.png Graphic file (type bmp)
<images/1605-llmops-vs-mlops.png>

Underfull \vbox (badness 10000) has occurred while \output is active []




Package fancyhdr Warning: \headheight is too small (12.0pt): 
(fancyhdr)                Make it at least 13.59999pt, for example:
(fancyhdr)                \setlength{\headheight}{13.59999pt}.
(fancyhdr)                You might also make \topmargin smaller:
(fancyhdr)                \addtolength{\topmargin}{-1.59999pt}.

[227]
Underfull \hbox (badness 10000) in alignment at lines 8660--8664
[] [] []
 []


Underfull \hbox (badness 10000) in alignment at lines 8664--8666
[] [] []
 []


Underfull \hbox (badness 10000) in alignment at lines 8666--8671
[] [] []
 []


Underfull \hbox (badness 10000) in alignment at lines 8684--8694
[] [] []
 []


Underfull \hbox (badness 10000) in alignment at lines 8694--8696
[] [] []
 []


Underfull \hbox (badness 10000) in alignment at lines 8696--8703
[] [] []
 []


Package fancyhdr Warning: \headheight is too small (12.0pt): 
(fancyhdr)                Make it at least 13.59999pt, for example:
(fancyhdr)                \setlength{\headheight}{13.59999pt}.
(fancyhdr)                You might also make \topmargin smaller:
(fancyhdr)                \addtolength{\topmargin}{-1.59999pt}.

[228]
File: images/1600-llmops-layers.png Graphic file (type bmp)
<images/1600-llmops-layers.png>

Underfull \hbox (badness 10000) in alignment at lines 8734--8738
[] [] []
 []


Underfull \hbox (badness 10000) in alignment at lines 8738--8740
[] [] []
 []


Underfull \hbox (badness 10000) in alignment at lines 8740--8746
[] [] []
 []


Package fancyhdr Warning: \headheight is too small (12.0pt): 
(fancyhdr)                Make it at least 13.59999pt, for example:
(fancyhdr)                \setlength{\headheight}{13.59999pt}.
(fancyhdr)                You might also make \topmargin smaller:
(fancyhdr)                \addtolength{\topmargin}{-1.59999pt}.

[229]
Underfull \hbox (badness 10000) in alignment at lines 8763--8767
[] [] []
 []


Underfull \hbox (badness 10000) in alignment at lines 8767--8769
[] [] []
 []


Underfull \hbox (badness 10000) in alignment at lines 8769--8774
[] [] []
 []

File: images/1600-agent-eval.png Graphic file (type bmp)
<images/1600-agent-eval.png>



Package fancyhdr Warning: \headheight is too small (12.0pt): 
(fancyhdr)                Make it at least 13.59999pt, for example:
(fancyhdr)                \setlength{\headheight}{13.59999pt}.
(fancyhdr)                You might also make \topmargin smaller:
(fancyhdr)                \addtolength{\topmargin}{-1.59999pt}.

[230]


Package fancyhdr Warning: \headheight is too small (12.0pt): 
(fancyhdr)                Make it at least 13.59999pt, for example:
(fancyhdr)                \setlength{\headheight}{13.59999pt}.
(fancyhdr)                You might also make \topmargin smaller:
(fancyhdr)                \addtolength{\topmargin}{-1.59999pt}.

[231]
第十一章

Underfull \hbox (badness 10000) in alignment at lines 8833--8837
[] [] []
 []


Underfull \hbox (badness 10000) in alignment at lines 8837--8839
[] [] []
 []


Underfull \hbox (badness 10000) in alignment at lines 8839--8845
[] [] []
 []



[232

]
File: images/1701-prompt-elements.png Graphic file (type bmp)
<images/1701-prompt-elements.png>



Package fancyhdr Warning: \headheight is too small (12.0pt): 
(fancyhdr)                Make it at least 13.59999pt, for example:
(fancyhdr)                \setlength{\headheight}{13.59999pt}.
(fancyhdr)                You might also make \topmargin smaller:
(fancyhdr)                \addtolength{\topmargin}{-1.59999pt}.

[233]
Underfull \hbox (badness 10000) in alignment at lines 8892--8896
[] [] []
 []


Underfull \hbox (badness 10000) in alignment at lines 8896--8898
[] [] []
 []


Underfull \hbox (badness 10000) in alignment at lines 8898--8902
[] [] []
 []


Underfull \hbox (badness 10000) in alignment at lines 8914--8918
[] [] []
 []


Underfull \hbox (badness 10000) in alignment at lines 8918--8920
[] [] []
 []


Underfull \hbox (badness 10000) in alignment at lines 8920--8925
[] [] []
 []




Package fancyhdr Warning: \headheight is too small (12.0pt): 
(fancyhdr)                Make it at least 13.59999pt, for example:
(fancyhdr)                \setlength{\headheight}{13.59999pt}.
(fancyhdr)                You might also make \topmargin smaller:
(fancyhdr)                \addtolength{\topmargin}{-1.59999pt}.

[234]
File: images/1700-rag-architecture.png Graphic file (type bmp)
<images/1700-rag-architecture.png>

Underfull \hbox (badness 10000) in alignment at lines 8961--8965
[] [] []
 []


Underfull \hbox (badness 10000) in alignment at lines 8965--8967
[] [] []
 []


Underfull \hbox (badness 10000) in alignment at lines 8967--8972
[] [] []
 []




Package fancyhdr Warning: \headheight is too small (12.0pt): 
(fancyhdr)                Make it at least 13.59999pt, for example:
(fancyhdr)                \setlength{\headheight}{13.59999pt}.
(fancyhdr)                You might also make \topmargin smaller:
(fancyhdr)                \addtolength{\topmargin}{-1.59999pt}.

[235]
File: images/1704-context-budget.png Graphic file (type bmp)
<images/1704-context-budget.png>

Underfull \hbox (badness 10000) in alignment at lines 8991--9001
[] [] []
 []


Underfull \hbox (badness 10000) in alignment at lines 9001--9003
[] [] []
 []


Underfull \hbox (badness 10000) in alignment at lines 9003--9009
[] [] []
 []


Underfull \hbox (badness 10000) in alignment at lines 9022--9026
[] [] []
 []


Underfull \hbox (badness 10000) in alignment at lines 9026--9028
[] [] []
 []


Underfull \hbox (badness 10000) in alignment at lines 9028--9032
[] [] []
 []




Package fancyhdr Warning: \headheight is too small (12.0pt): 
(fancyhdr)                Make it at least 13.59999pt, for example:
(fancyhdr)                \setlength{\headheight}{13.59999pt}.
(fancyhdr)                You might also make \topmargin smaller:
(fancyhdr)                \addtolength{\topmargin}{-1.59999pt}.

[236]
Underfull \hbox (badness 10000) in alignment at lines 9065--9069
[] [] []
 []


Underfull \hbox (badness 10000) in alignment at lines 9069--9071
[] [] []
 []


Underfull \hbox (badness 10000) in alignment at lines 9071--9075
[] [] []
 []


Underfull \hbox (badness 10000) in alignment at lines 9083--9087
[] [] []
 []


Underfull \hbox (badness 10000) in alignment at lines 9087--9089
[] [] []
 []


Underfull \hbox (badness 10000) in alignment at lines 9089--9094
[] [] []
 []




Package fancyhdr Warning: \headheight is too small (12.0pt): 
(fancyhdr)                Make it at least 13.59999pt, for example:
(fancyhdr)                \setlength{\headheight}{13.59999pt}.
(fancyhdr)                You might also make \topmargin smaller:
(fancyhdr)                \addtolength{\topmargin}{-1.59999pt}.

[237]
File: images/1700-agent-loop.png Graphic file (type bmp)
<images/1700-agent-loop.png>
File: images/1705-agent-sequence.png Graphic file (type bmp)
<images/1705-agent-sequence.png>

Underfull \vbox (badness 10000) has occurred while \output is active []




Package fancyhdr Warning: \headheight is too small (12.0pt): 
(fancyhdr)                Make it at least 13.59999pt, for example:
(fancyhdr)                \setlength{\headheight}{13.59999pt}.
(fancyhdr)                You might also make \topmargin smaller:
(fancyhdr)                \addtolength{\topmargin}{-1.59999pt}.

[238]
File: images/1706-agent-state.png Graphic file (type bmp)
<images/1706-agent-state.png>

Underfull \hbox (badness 10000) in alignment at lines 9120--9124
[] [] [] []
 []


Underfull \hbox (badness 10000) in alignment at lines 9124--9126
[] [] [] []
 []


Underfull \hbox (badness 10000) in alignment at lines 9126--9131
[] [] [] []
 []


Package fancyhdr Warning: \headheight is too small (12.0pt): 
(fancyhdr)                Make it at least 13.59999pt, for example:
(fancyhdr)                \setlength{\headheight}{13.59999pt}.
(fancyhdr)                You might also make \topmargin smaller:
(fancyhdr)                \addtolength{\topmargin}{-1.59999pt}.

[239]
File: images/1702-curation.png Graphic file (type bmp)
<images/1702-curation.png>



Package fancyhdr Warning: \headheight is too small (12.0pt): 
(fancyhdr)                Make it at least 13.59999pt, for example:
(fancyhdr)                \setlength{\headheight}{13.59999pt}.
(fancyhdr)                You might also make \topmargin smaller:
(fancyhdr)                \addtolength{\topmargin}{-1.59999pt}.

[240]
File: images/1703-governance.png Graphic file (type bmp)
<images/1703-governance.png>
File: images/1700-interaction-spectrum.png Graphic file (type bmp)
<images/1700-interaction-spectrum.png>

Underfull \vbox (badness 10000) has occurred while \output is active []




Package fancyhdr Warning: \headheight is too small (12.0pt): 
(fancyhdr)                Make it at least 13.59999pt, for example:
(fancyhdr)                \setlength{\headheight}{13.59999pt}.
(fancyhdr)                You might also make \topmargin smaller:
(fancyhdr)                \addtolength{\topmargin}{-1.59999pt}.

[241]
Underfull \hbox (badness 10000) in alignment at lines 9189--9199
[] [] []
 []


Underfull \hbox (badness 10000) in alignment at lines 9199--9201
[] [] []
 []


Underfull \hbox (badness 10000) in alignment at lines 9201--9209
[] [] []
 []


Underfull \hbox (badness 10000) in alignment at lines 9225--9229
[] [] []
 []


Underfull \hbox (badness 10000) in alignment at lines 9229--9231
[] [] []
 []


Underfull \hbox (badness 10000) in alignment at lines 9231--9236
[] [] []
 []


Package fancyhdr Warning: \headheight is too small (12.0pt): 
(fancyhdr)                Make it at least 13.59999pt, for example:
(fancyhdr)                \setlength{\headheight}{13.59999pt}.
(fancyhdr)                You might also make \topmargin smaller:
(fancyhdr)                \addtolength{\topmargin}{-1.59999pt}.

[242]
File: images/1700-multi-agent.png Graphic file (type bmp)
<images/1700-multi-agent.png>

Underfull \hbox (badness 10000) in alignment at lines 9262--9266
[] [] [] []
 []


Underfull \hbox (badness 10000) in alignment at lines 9266--9268
[] [] [] []
 []


Underfull \hbox (badness 10000) in alignment at lines 9268--9273
[] [] [] []
 []




Package fancyhdr Warning: \headheight is too small (12.0pt): 
(fancyhdr)                Make it at least 13.59999pt, for example:
(fancyhdr)                \setlength{\headheight}{13.59999pt}.
(fancyhdr)                You might also make \topmargin smaller:
(fancyhdr)                \addtolength{\topmargin}{-1.59999pt}.

[243]
Underfull \hbox (badness 10000) in alignment at lines 9295--9299
[] [] []
 []


Underfull \hbox (badness 10000) in alignment at lines 9299--9301
[] [] []
 []


Underfull \hbox (badness 10000) in alignment at lines 9301--9307
[] [] []
 []

File: images/1801-llm-architecture.png Graphic file (type bmp)
<images/1801-llm-architecture.png>

Underfull \vbox (badness 10000) has occurred while \output is active []




Package fancyhdr Warning: \headheight is too small (12.0pt): 
(fancyhdr)                Make it at least 13.59999pt, for example:
(fancyhdr)                \setlength{\headheight}{13.59999pt}.
(fancyhdr)                You might also make \topmargin smaller:
(fancyhdr)                \addtolength{\topmargin}{-1.59999pt}.

[244]
Underfull \hbox (badness 10000) in alignment at lines 9327--9331
[] [] []
 []


Underfull \hbox (badness 10000) in alignment at lines 9331--9333
[] [] []
 []


Underfull \hbox (badness 10000) in alignment at lines 9333--9339
[] [] []
 []

File: images/1802-model-routing.png Graphic file (type bmp)
<images/1802-model-routing.png>

Underfull \vbox (badness 3068) has occurred while \output is active []




Package fancyhdr Warning: \headheight is too small (12.0pt): 
(fancyhdr)                Make it at least 13.59999pt, for example:
(fancyhdr)                \setlength{\headheight}{13.59999pt}.
(fancyhdr)                You might also make \topmargin smaller:
(fancyhdr)                \addtolength{\topmargin}{-1.59999pt}.

[245]
Underfull \hbox (badness 10000) in alignment at lines 9369--9381
[] [] [] []
 []


Underfull \hbox (badness 10000) in alignment at lines 9381--9383
[] [] [] []
 []


Underfull \hbox (badness 10000) in alignment at lines 9383--9387
[] [] [] []
 []




Package fancyhdr Warning: \headheight is too small (12.0pt): 
(fancyhdr)                Make it at least 13.59999pt, for example:
(fancyhdr)                \setlength{\headheight}{13.59999pt}.
(fancyhdr)                You might also make \topmargin smaller:
(fancyhdr)                \addtolength{\topmargin}{-1.59999pt}.

[246]
Underfull \hbox (badness 10000) in alignment at lines 9404--9408
[] [] [] []
 []


Underfull \hbox (badness 10000) in alignment at lines 9408--9410
[] [] [] []
 []


Underfull \hbox (badness 10000) in alignment at lines 9410--9414
[] [] [] []
 []

File: images/1803-rag-pipeline.png Graphic file (type bmp)
<images/1803-rag-pipeline.png>

Underfull \vbox (badness 7397) has occurred while \output is active []




Package fancyhdr Warning: \headheight is too small (12.0pt): 
(fancyhdr)                Make it at least 13.59999pt, for example:
(fancyhdr)                \setlength{\headheight}{13.59999pt}.
(fancyhdr)                You might also make \topmargin smaller:
(fancyhdr)                \addtolength{\topmargin}{-1.59999pt}.

[247]
Underfull \hbox (badness 10000) in alignment at lines 9441--9453
[] [] [] []
 []


Underfull \hbox (badness 10000) in alignment at lines 9453--9455
[] [] [] []
 []


Underfull \hbox (badness 10000) in alignment at lines 9455--9461
[] [] [] []
 []


Package fancyhdr Warning: \headheight is too small (12.0pt): 
(fancyhdr)                Make it at least 13.59999pt, for example:
(fancyhdr)                \setlength{\headheight}{13.59999pt}.
(fancyhdr)                You might also make \topmargin smaller:
(fancyhdr)                \addtolength{\topmargin}{-1.59999pt}.

[248]
Underfull \hbox (badness 10000) in alignment at lines 9493--9497
[] [] [] []
 []


Underfull \hbox (badness 10000) in alignment at lines 9497--9499
[] [] [] []
 []


Underfull \hbox (badness 10000) in alignment at lines 9499--9503
[] [] [] []
 []




Package fancyhdr Warning: \headheight is too small (12.0pt): 
(fancyhdr)                Make it at least 13.59999pt, for example:
(fancyhdr)                \setlength{\headheight}{13.59999pt}.
(fancyhdr)                You might also make \topmargin smaller:
(fancyhdr)                \addtolength{\topmargin}{-1.59999pt}.

[249]
Underfull \hbox (badness 10000) in alignment at lines 9547--9557
[] [] []
 []


Underfull \hbox (badness 10000) in alignment at lines 9557--9559
[] [] []
 []


Underfull \hbox (badness 10000) in alignment at lines 9559--9565
[] [] []
 []




Package fancyhdr Warning: \headheight is too small (12.0pt): 
(fancyhdr)                Make it at least 13.59999pt, for example:
(fancyhdr)                \setlength{\headheight}{13.59999pt}.
(fancyhdr)                You might also make \topmargin smaller:
(fancyhdr)                \addtolength{\topmargin}{-1.59999pt}.

[250]
Underfull \hbox (badness 10000) in alignment at lines 9587--9591
[] [] []
 []


Underfull \hbox (badness 10000) in alignment at lines 9591--9593
[] [] []
 []


Underfull \hbox (badness 10000) in alignment at lines 9593--9597
[] [] []
 []

File: images/1804-eval-system.png Graphic file (type bmp)
<images/1804-eval-system.png>

Underfull \vbox (badness 3199) has occurred while \output is active []




Package fancyhdr Warning: \headheight is too small (12.0pt): 
(fancyhdr)                Make it at least 13.59999pt, for example:
(fancyhdr)                \setlength{\headheight}{13.59999pt}.
(fancyhdr)                You might also make \topmargin smaller:
(fancyhdr)                \addtolength{\topmargin}{-1.59999pt}.

[251]
Underfull \hbox (badness 10000) in alignment at lines 9620--9624
[] [] []
 []


Underfull \hbox (badness 10000) in alignment at lines 9624--9626
[] [] []
 []


Underfull \hbox (badness 10000) in alignment at lines 9626--9630
[] [] []
 []

File: images/1805-observability.png Graphic file (type bmp)
<images/1805-observability.png>



Package fancyhdr Warning: \headheight is too small (12.0pt): 
(fancyhdr)                Make it at least 13.59999pt, for example:
(fancyhdr)                \setlength{\headheight}{13.59999pt}.
(fancyhdr)                You might also make \topmargin smaller:
(fancyhdr)                \addtolength{\topmargin}{-1.59999pt}.

[252]
Underfull \hbox (badness 10000) in alignment at lines 9649--9659
[] [] []
 []


Underfull \hbox (badness 10000) in alignment at lines 9659--9661
[] [] []
 []


Underfull \hbox (badness 10000) in alignment at lines 9661--9669
[] [] []
 []




Package fancyhdr Warning: \headheight is too small (12.0pt): 
(fancyhdr)                Make it at least 13.59999pt, for example:
(fancyhdr)                \setlength{\headheight}{13.59999pt}.
(fancyhdr)                You might also make \topmargin smaller:
(fancyhdr)                \addtolength{\topmargin}{-1.59999pt}.

[253]
File: images/1806-model-evolution.png Graphic file (type bmp)
<images/1806-model-evolution.png>

Underfull \vbox (badness 10000) has occurred while \output is active []




Package fancyhdr Warning: \headheight is too small (12.0pt): 
(fancyhdr)                Make it at least 13.59999pt, for example:
(fancyhdr)                \setlength{\headheight}{13.59999pt}.
(fancyhdr)                You might also make \topmargin smaller:
(fancyhdr)                \addtolength{\topmargin}{-1.59999pt}.

[254]


Package fancyhdr Warning: \headheight is too small (12.0pt): 
(fancyhdr)                Make it at least 13.59999pt, for example:
(fancyhdr)                \setlength{\headheight}{13.59999pt}.
(fancyhdr)                You might also make \topmargin smaller:
(fancyhdr)                \addtolength{\topmargin}{-1.59999pt}.

[255]
第十二章
File: images/1901-agent-layers.png Graphic file (type bmp)
<images/1901-agent-layers.png>

Underfull \vbox (badness 10000) has occurred while \output is active []



[256

]
Underfull \hbox (badness 10000) in alignment at lines 9759--9769
[] [] []
 []


Underfull \hbox (badness 10000) in alignment at lines 9769--9771
[] [] []
 []


Underfull \hbox (badness 10000) in alignment at lines 9771--9776
[] [] []
 []

File: images/1902-agent-loop.png Graphic file (type bmp)
<images/1902-agent-loop.png>

Underfull \vbox (badness 1122) has occurred while \output is active []




Package fancyhdr Warning: \headheight is too small (12.0pt): 
(fancyhdr)                Make it at least 13.59999pt, for example:
(fancyhdr)                \setlength{\headheight}{13.59999pt}.
(fancyhdr)                You might also make \topmargin smaller:
(fancyhdr)                \addtolength{\topmargin}{-1.59999pt}.

[257]
Underfull \hbox (badness 10000) in alignment at lines 9823--9827
[] [] []
 []


Underfull \hbox (badness 10000) in alignment at lines 9827--9829
[] [] []
 []


Underfull \hbox (badness 10000) in alignment at lines 9829--9833
[] [] []
 []




Package fancyhdr Warning: \headheight is too small (12.0pt): 
(fancyhdr)                Make it at least 13.59999pt, for example:
(fancyhdr)                \setlength{\headheight}{13.59999pt}.
(fancyhdr)                You might also make \topmargin smaller:
(fancyhdr)                \addtolength{\topmargin}{-1.59999pt}.

[258]
Underfull \hbox (badness 10000) in alignment at lines 9850--9854
[] [] []
 []


Underfull \hbox (badness 10000) in alignment at lines 9854--9856
[] [] []
 []


Underfull \hbox (badness 10000) in alignment at lines 9856--9861
[] [] []
 []




Package fancyhdr Warning: \headheight is too small (12.0pt): 
(fancyhdr)                Make it at least 13.59999pt, for example:
(fancyhdr)                \setlength{\headheight}{13.59999pt}.
(fancyhdr)                You might also make \topmargin smaller:
(fancyhdr)                \addtolength{\topmargin}{-1.59999pt}.

[259]
Underfull \hbox (badness 10000) in alignment at lines 9875--9887
[] [] [] []
 []


Underfull \hbox (badness 10000) in alignment at lines 9887--9889
[] [] [] []
 []


Underfull \hbox (badness 10000) in alignment at lines 9889--9896
[] [] [] []
 []


Underfull \hbox (badness 10000) in alignment at lines 9921--9925
[] [] [] []
 []


Underfull \hbox (badness 10000) in alignment at lines 9925--9927
[] [] [] []
 []


Underfull \hbox (badness 10000) in alignment at lines 9927--9931
[] [] [] []
 []


Package fancyhdr Warning: \headheight is too small (12.0pt): 
(fancyhdr)                Make it at least 13.59999pt, for example:
(fancyhdr)                \setlength{\headheight}{13.59999pt}.
(fancyhdr)                You might also make \topmargin smaller:
(fancyhdr)                \addtolength{\topmargin}{-1.59999pt}.

[260]
File: images/1903-multi-agent.png Graphic file (type bmp)
<images/1903-multi-agent.png>

Underfull \hbox (badness 10000) in alignment at lines 9954--9958
[] [] []
 []


Underfull \hbox (badness 10000) in alignment at lines 9958--9960
[] [] []
 []


Underfull \hbox (badness 10000) in alignment at lines 9960--9965
[] [] []
 []




Package fancyhdr Warning: \headheight is too small (12.0pt): 
(fancyhdr)                Make it at least 13.59999pt, for example:
(fancyhdr)                \setlength{\headheight}{13.59999pt}.
(fancyhdr)                You might also make \topmargin smaller:
(fancyhdr)                \addtolength{\topmargin}{-1.59999pt}.

[261]
Overfull \hbox (2.80081pt too wide) in paragraph at lines 10002--10003
[]\TU/SimSun(0)/m/n/12 安 全 治 理 同 样 要 持 续：|  内 容 过 滤、|  敏 感 信 息 识 别 与 格 式 约 束 构 
成 \TU/SimSun(0)/b/n/12 输 出 护 栏  |\TU/SimSun(0)/m/n/12 （\TU/TimesNewRoman(0)/m/n
/12 guardrails\TU/SimSun(0)/m/n/12 ） ，|
 []




Package fancyhdr Warning: \headheight is too small (12.0pt): 
(fancyhdr)                Make it at least 13.59999pt, for example:
(fancyhdr)                \setlength{\headheight}{13.59999pt}.
(fancyhdr)                You might also make \topmargin smaller:
(fancyhdr)                \addtolength{\topmargin}{-1.59999pt}.

[262]
File: images/1904-eval-pipeline.png Graphic file (type bmp)
<images/1904-eval-pipeline.png>



Package fancyhdr Warning: \headheight is too small (12.0pt): 
(fancyhdr)                Make it at least 13.59999pt, for example:
(fancyhdr)                \setlength{\headheight}{13.59999pt}.
(fancyhdr)                You might also make \topmargin smaller:
(fancyhdr)                \addtolength{\topmargin}{-1.59999pt}.

[263]
Underfull \hbox (badness 10000) in alignment at lines 10054--10058
[] [] []
 []


Underfull \hbox (badness 10000) in alignment at lines 10058--10060
[] [] []
 []


Underfull \hbox (badness 10000) in alignment at lines 10060--10065
[] [] []
 []

File: images/1906-team-collab.png Graphic file (type bmp)
<images/1906-team-collab.png>



Package fancyhdr Warning: \headheight is too small (12.0pt): 
(fancyhdr)                Make it at least 13.59999pt, for example:
(fancyhdr)                \setlength{\headheight}{13.59999pt}.
(fancyhdr)                You might also make \topmargin smaller:
(fancyhdr)                \addtolength{\topmargin}{-1.59999pt}.

[264]
File: images/1905-se-roadmap.png Graphic file (type bmp)
<images/1905-se-roadmap.png>

Underfull \vbox (badness 10000) has occurred while \output is active []




Package fancyhdr Warning: \headheight is too small (12.0pt): 
(fancyhdr)                Make it at least 13.59999pt, for example:
(fancyhdr)                \setlength{\headheight}{13.59999pt}.
(fancyhdr)                You might also make \topmargin smaller:
(fancyhdr)                \addtolength{\topmargin}{-1.59999pt}.

[265]
Underfull \hbox (badness 10000) in alignment at lines 10105--10109
[] [] []
 []


Underfull \hbox (badness 10000) in alignment at lines 10109--10111
[] [] []
 []


Underfull \hbox (badness 10000) in alignment at lines 10111--10116
[] [] []
 []




Package fancyhdr Warning: \headheight is too small (12.0pt): 
(fancyhdr)                Make it at least 13.59999pt, for example:
(fancyhdr)                \setlength{\headheight}{13.59999pt}.
(fancyhdr)                You might also make \topmargin smaller:
(fancyhdr)                \addtolength{\topmargin}{-1.59999pt}.

[266]
File: images/1907-agent-org.png Graphic file (type bmp)
<images/1907-agent-org.png>

Underfull \hbox (badness 10000) in alignment at lines 10136--10148
[] [] [] []
 []


Underfull \hbox (badness 10000) in alignment at lines 10148--10150
[] [] [] []
 []


Underfull \hbox (badness 10000) in alignment at lines 10150--10157
[] [] [] []
 []




Package fancyhdr Warning: \headheight is too small (12.0pt): 
(fancyhdr)                Make it at least 13.59999pt, for example:
(fancyhdr)                \setlength{\headheight}{13.59999pt}.
(fancyhdr)                You might also make \topmargin smaller:
(fancyhdr)                \addtolength{\topmargin}{-1.59999pt}.

[267]


Package fancyhdr Warning: \headheight is too small (12.0pt): 
(fancyhdr)                Make it at least 13.59999pt, for example:
(fancyhdr)                \setlength{\headheight}{13.59999pt}.
(fancyhdr)                You might also make \topmargin smaller:
(fancyhdr)                \addtolength{\topmargin}{-1.59999pt}.

[268]
第十三章

Underfull \hbox (badness 10000) in alignment at lines 10216--10228
[] [] [] []
 []


Underfull \hbox (badness 10000) in alignment at lines 10228--10230
[] [] [] []
 []


Underfull \hbox (badness 10000) in alignment at lines 10230--10236
[] [] [] []
 []



[269

]
Underfull \hbox (badness 10000) in alignment at lines 10258--10262
[] [] []
 []


Underfull \hbox (badness 10000) in alignment at lines 10262--10264
[] [] []
 []


Underfull \hbox (badness 10000) in alignment at lines 10264--10269
[] [] []
 []

File: images/2001-paradigm-evolution.png Graphic file (type bmp)
<images/2001-paradigm-evolution.png>

Underfull \vbox (badness 10000) has occurred while \output is active []




Package fancyhdr Warning: \headheight is too small (12.0pt): 
(fancyhdr)                Make it at least 13.59999pt, for example:
(fancyhdr)                \setlength{\headheight}{13.59999pt}.
(fancyhdr)                You might also make \topmargin smaller:
(fancyhdr)                \addtolength{\topmargin}{-1.59999pt}.

[270]
Underfull \hbox (badness 10000) in alignment at lines 10301--10313
[] [] [] []
 []


Underfull \hbox (badness 10000) in alignment at lines 10313--10315
[] [] [] []
 []


Underfull \hbox (badness 10000) in alignment at lines 10315--10324
[] [] [] []
 []


Package fancyhdr Warning: \headheight is too small (12.0pt): 
(fancyhdr)                Make it at least 13.59999pt, for example:
(fancyhdr)                \setlength{\headheight}{13.59999pt}.
(fancyhdr)                You might also make \topmargin smaller:
(fancyhdr)                \addtolength{\topmargin}{-1.59999pt}.

[271]
Underfull \hbox (badness 10000) in alignment at lines 10351--10355
[] [] []
 []


Underfull \hbox (badness 10000) in alignment at lines 10355--10357
[] [] []
 []


Underfull \hbox (badness 10000) in alignment at lines 10357--10362
[] [] []
 []




Package fancyhdr Warning: \headheight is too small (12.0pt): 
(fancyhdr)                Make it at least 13.59999pt, for example:
(fancyhdr)                \setlength{\headheight}{13.59999pt}.
(fancyhdr)                You might also make \topmargin smaller:
(fancyhdr)                \addtolength{\topmargin}{-1.59999pt}.

[272]
File: images/2002-intent-driven-loop.png Graphic file (type bmp)
<images/2002-intent-driven-loop.png>

Underfull \hbox (badness 10000) in alignment at lines 10380--10384
[] [] []
 []


Underfull \hbox (badness 10000) in alignment at lines 10384--10386
[] [] []
 []


Underfull \hbox (badness 10000) in alignment at lines 10386--10393
[] [] []
 []




Package fancyhdr Warning: \headheight is too small (12.0pt): 
(fancyhdr)                Make it at least 13.59999pt, for example:
(fancyhdr)                \setlength{\headheight}{13.59999pt}.
(fancyhdr)                You might also make \topmargin smaller:
(fancyhdr)                \addtolength{\topmargin}{-1.59999pt}.

[273]
File: images/2003-spec-single-source.png Graphic file (type bmp)
<images/2003-spec-single-source.png>



Package fancyhdr Warning: \headheight is too small (12.0pt): 
(fancyhdr)                Make it at least 13.59999pt, for example:
(fancyhdr)                \setlength{\headheight}{13.59999pt}.
(fancyhdr)                You might also make \topmargin smaller:
(fancyhdr)                \addtolength{\topmargin}{-1.59999pt}.

[274]
Underfull \hbox (badness 10000) in alignment at lines 10436--10440
[] [] []
 []


Underfull \hbox (badness 10000) in alignment at lines 10440--10442
[] [] []
 []


Underfull \hbox (badness 10000) in alignment at lines 10442--10448
[] [] []
 []

File: images/2004-context-assets.png Graphic file (type bmp)
<images/2004-context-assets.png>



Package fancyhdr Warning: \headheight is too small (12.0pt): 
(fancyhdr)                Make it at least 13.59999pt, for example:
(fancyhdr)                \setlength{\headheight}{13.59999pt}.
(fancyhdr)                You might also make \topmargin smaller:
(fancyhdr)                \addtolength{\topmargin}{-1.59999pt}.

[275]
Underfull \hbox (badness 10000) in alignment at lines 10503--10507
[] [] []
 []


Underfull \hbox (badness 10000) in alignment at lines 10507--10509
[] [] []
 []


Underfull \hbox (badness 10000) in alignment at lines 10509--10513
[] [] []
 []




Package fancyhdr Warning: \headheight is too small (12.0pt): 
(fancyhdr)                Make it at least 13.59999pt, for example:
(fancyhdr)                \setlength{\headheight}{13.59999pt}.
(fancyhdr)                You might also make \topmargin smaller:
(fancyhdr)                \addtolength{\topmargin}{-1.59999pt}.

[276]
File: images/2005-gated-pipeline.png Graphic file (type bmp)
<images/2005-gated-pipeline.png>

Underfull \hbox (badness 10000) in alignment at lines 10526--10530
[] [] []
 []


Underfull \hbox (badness 10000) in alignment at lines 10530--10532
[] [] []
 []


Underfull \hbox (badness 10000) in alignment at lines 10532--10537
[] [] []
 []




Package fancyhdr Warning: \headheight is too small (12.0pt): 
(fancyhdr)                Make it at least 13.59999pt, for example:
(fancyhdr)                \setlength{\headheight}{13.59999pt}.
(fancyhdr)                You might also make \topmargin smaller:
(fancyhdr)                \addtolength{\topmargin}{-1.59999pt}.

[277]
Underfull \hbox (badness 10000) in alignment at lines 10553--10557
[] [] []
 []


Underfull \hbox (badness 10000) in alignment at lines 10557--10559
[] [] []
 []


Underfull \hbox (badness 10000) in alignment at lines 10559--10564
[] [] []
 []


Underfull \hbox (badness 10000) in alignment at lines 10574--10578
[] [] []
 []


Underfull \hbox (badness 10000) in alignment at lines 10578--10580
[] [] []
 []


Underfull \hbox (badness 10000) in alignment at lines 10580--10585
[] [] []
 []

File: images/2006-human-ai-handoff.png Graphic file (type bmp)
<images/2006-human-ai-handoff.png>

Underfull \vbox (badness 10000) has occurred while \output is active []




Package fancyhdr Warning: \headheight is too small (12.0pt): 
(fancyhdr)                Make it at least 13.59999pt, for example:
(fancyhdr)                \setlength{\headheight}{13.59999pt}.
(fancyhdr)                You might also make \topmargin smaller:
(fancyhdr)                \addtolength{\topmargin}{-1.59999pt}.

[278]
File: images/2007-ai-native-full-flow.png Graphic file (type bmp)
<images/2007-ai-native-full-flow.png>

Underfull \vbox (badness 10000) has occurred while \output is active []




Package fancyhdr Warning: \headheight is too small (12.0pt): 
(fancyhdr)                Make it at least 13.59999pt, for example:
(fancyhdr)                \setlength{\headheight}{13.59999pt}.
(fancyhdr)                You might also make \topmargin smaller:
(fancyhdr)                \addtolength{\topmargin}{-1.59999pt}.

[279]
Underfull \hbox (badness 10000) in alignment at lines 10635--10645
[] [] []
 []


Underfull \hbox (badness 10000) in alignment at lines 10645--10647
[] [] []
 []


Underfull \hbox (badness 10000) in alignment at lines 10647--10655
[] [] []
 []




Package fancyhdr Warning: \headheight is too small (12.0pt): 
(fancyhdr)                Make it at least 13.59999pt, for example:
(fancyhdr)                \setlength{\headheight}{13.59999pt}.
(fancyhdr)                You might also make \topmargin smaller:
(fancyhdr)                \addtolength{\topmargin}{-1.59999pt}.

[280]
File: images/2101-ai-native-platform.png Graphic file (type bmp)
<images/2101-ai-native-platform.png>

Underfull \hbox (badness 10000) in alignment at lines 10681--10685
[] [] []
 []


Underfull \hbox (badness 10000) in alignment at lines 10685--10687
[] [] []
 []


Underfull \hbox (badness 10000) in alignment at lines 10687--10692
[] [] []
 []


Underfull \vbox (badness 10000) has occurred while \output is active []




Package fancyhdr Warning: \headheight is too small (12.0pt): 
(fancyhdr)                Make it at least 13.59999pt, for example:
(fancyhdr)                \setlength{\headheight}{13.59999pt}.
(fancyhdr)                You might also make \topmargin smaller:
(fancyhdr)                \addtolength{\topmargin}{-1.59999pt}.

[281]
Underfull \hbox (badness 10000) in alignment at lines 10709--10721
[] [] [] []
 []


Underfull \hbox (badness 10000) in alignment at lines 10721--10723
[] [] [] []
 []


Underfull \hbox (badness 10000) in alignment at lines 10723--10729
[] [] [] []
 []

File: images/2102-toolchain-to-platform.png Graphic file (type bmp)
<images/2102-toolchain-to-platform.png>

Underfull \vbox (badness 10000) has occurred while \output is active []




Package fancyhdr Warning: \headheight is too small (12.0pt): 
(fancyhdr)                Make it at least 13.59999pt, for example:
(fancyhdr)                \setlength{\headheight}{13.59999pt}.
(fancyhdr)                You might also make \topmargin smaller:
(fancyhdr)                \addtolength{\topmargin}{-1.59999pt}.

[282]
Underfull \vbox (badness 10000) has occurred while \output is active []




Package fancyhdr Warning: \headheight is too small (12.0pt): 
(fancyhdr)                Make it at least 13.59999pt, for example:
(fancyhdr)                \setlength{\headheight}{13.59999pt}.
(fancyhdr)                You might also make \topmargin smaller:
(fancyhdr)                \addtolength{\topmargin}{-1.59999pt}.

[283]
Underfull \hbox (badness 10000) in alignment at lines 10756--10760
[] [] []
 []


Underfull \hbox (badness 10000) in alignment at lines 10760--10762
[] [] []
 []


Underfull \hbox (badness 10000) in alignment at lines 10762--10766
[] [] []
 []


Underfull \hbox (badness 10000) in alignment at lines 10772--10776
[] [] []
 []


Underfull \hbox (badness 10000) in alignment at lines 10776--10778
[] [] []
 []


Underfull \hbox (badness 10000) in alignment at lines 10778--10783
[] [] []
 []

File: images/2103-hybrid-team.png Graphic file (type bmp)
<images/2103-hybrid-team.png>

Underfull \vbox (badness 3375) has occurred while \output is active []




Package fancyhdr Warning: \headheight is too small (12.0pt): 
(fancyhdr)                Make it at least 13.59999pt, for example:
(fancyhdr)                \setlength{\headheight}{13.59999pt}.
(fancyhdr)                You might also make \topmargin smaller:
(fancyhdr)                \addtolength{\topmargin}{-1.59999pt}.

[284]
Underfull \hbox (badness 10000) in alignment at lines 10798--10802
[] [] []
 []


Underfull \hbox (badness 10000) in alignment at lines 10802--10804
[] [] []
 []


Underfull \hbox (badness 10000) in alignment at lines 10804--10809
[] [] []
 []


Underfull \hbox (badness 10000) in alignment at lines 10820--10824
[] [] []
 []


Underfull \hbox (badness 10000) in alignment at lines 10824--10826
[] [] []
 []


Underfull \hbox (badness 10000) in alignment at lines 10826--10830
[] [] []
 []

File: images/2104-governance-loop.png Graphic file (type bmp)
<images/2104-governance-loop.png>

Underfull \vbox (badness 3281) has occurred while \output is active []




Package fancyhdr Warning: \headheight is too small (12.0pt): 
(fancyhdr)                Make it at least 13.59999pt, for example:
(fancyhdr)                \setlength{\headheight}{13.59999pt}.
(fancyhdr)                You might also make \topmargin smaller:
(fancyhdr)                \addtolength{\topmargin}{-1.59999pt}.

[285]
Underfull \hbox (badness 10000) in alignment at lines 10847--10851
[] [] []
 []


Underfull \hbox (badness 10000) in alignment at lines 10851--10853
[] [] []
 []


Underfull \hbox (badness 10000) in alignment at lines 10853--10858
[] [] []
 []


Underfull \vbox (badness 6032) has occurred while \output is active []




Package fancyhdr Warning: \headheight is too small (12.0pt): 
(fancyhdr)                Make it at least 13.59999pt, for example:
(fancyhdr)                \setlength{\headheight}{13.59999pt}.
(fancyhdr)                You might also make \topmargin smaller:
(fancyhdr)                \addtolength{\topmargin}{-1.59999pt}.

[286]
File: images/2105-engineer-capabilities.png Graphic file (type bmp)
<images/2105-engineer-capabilities.png>
File: images/2106-se-evolution-roadmap.png Graphic file (type bmp)
<images/2106-se-evolution-roadmap.png>

Underfull \vbox (badness 10000) has occurred while \output is active []




Package fancyhdr Warning: \headheight is too small (12.0pt): 
(fancyhdr)                Make it at least 13.59999pt, for example:
(fancyhdr)                \setlength{\headheight}{13.59999pt}.
(fancyhdr)                You might also make \topmargin smaller:
(fancyhdr)                \addtolength{\topmargin}{-1.59999pt}.

[287]
Underfull \vbox (badness 10000) has occurred while \output is active []




Package fancyhdr Warning: \headheight is too small (12.0pt): 
(fancyhdr)                Make it at least 13.59999pt, for example:
(fancyhdr)                \setlength{\headheight}{13.59999pt}.
(fancyhdr)                You might also make \topmargin smaller:
(fancyhdr)                \addtolength{\topmargin}{-1.59999pt}.

[288]
File: images/2107-autonomy-bridge.png Graphic file (type bmp)
<images/2107-autonomy-bridge.png>

Underfull \vbox (badness 10000) has occurred while \output is active []




Package fancyhdr Warning: \headheight is too small (12.0pt): 
(fancyhdr)                Make it at least 13.59999pt, for example:
(fancyhdr)                \setlength{\headheight}{13.59999pt}.
(fancyhdr)                You might also make \topmargin smaller:
(fancyhdr)                \addtolength{\topmargin}{-1.59999pt}.

[289]


Package fancyhdr Warning: \headheight is too small (12.0pt): 
(fancyhdr)                Make it at least 13.59999pt, for example:
(fancyhdr)                \setlength{\headheight}{13.59999pt}.
(fancyhdr)                You might also make \topmargin smaller:
(fancyhdr)                \addtolength{\topmargin}{-1.59999pt}.

[290]
第十四章

Underfull \hbox (badness 10000) in alignment at lines 10965--10969
[] [] [] []
 []


Underfull \hbox (badness 10000) in alignment at lines 10969--10971
[] [] [] []
 []


Underfull \hbox (badness 10000) in alignment at lines 10971--10978
[] [] [] []
 []

[291

]
File: images/2201-se-generations.png Graphic file (type bmp)
<images/2201-se-generations.png>

Underfull \vbox (badness 10000) has occurred while \output is active []




Package fancyhdr Warning: \headheight is too small (12.0pt): 
(fancyhdr)                Make it at least 13.59999pt, for example:
(fancyhdr)                \setlength{\headheight}{13.59999pt}.
(fancyhdr)                You might also make \topmargin smaller:
(fancyhdr)                \addtolength{\topmargin}{-1.59999pt}.

[292]
Underfull \hbox (badness 10000) in alignment at lines 11009--11013
[] [] []
 []


Underfull \hbox (badness 10000) in alignment at lines 11013--11015
[] [] []
 []


Underfull \hbox (badness 10000) in alignment at lines 11015--11021
[] [] []
 []

File: images/2202-se30-definition.png Graphic file (type bmp)
<images/2202-se30-definition.png>



Package fancyhdr Warning: \headheight is too small (12.0pt): 
(fancyhdr)                Make it at least 13.59999pt, for example:
(fancyhdr)                \setlength{\headheight}{13.59999pt}.
(fancyhdr)                You might also make \topmargin smaller:
(fancyhdr)                \addtolength{\topmargin}{-1.59999pt}.

[293]
File: images/2203-software-as-model.png Graphic file (type bmp)
<images/2203-software-as-model.png>

Underfull \hbox (badness 10000) in alignment at lines 11058--11062
[] [] [] [] []
 []


Underfull \hbox (badness 10000) in alignment at lines 11062--11064
[] [] [] [] []
 []


Underfull \hbox (badness 10000) in alignment at lines 11064--11069
[] [] [] [] []
 []




Package fancyhdr Warning: \headheight is too small (12.0pt): 
(fancyhdr)                Make it at least 13.59999pt, for example:
(fancyhdr)                \setlength{\headheight}{13.59999pt}.
(fancyhdr)                You might also make \topmargin smaller:
(fancyhdr)                \addtolength{\topmargin}{-1.59999pt}.

[294]
Underfull \hbox (badness 10000) in alignment at lines 11087--11099
[] [] [] []
 []


Underfull \hbox (badness 10000) in alignment at lines 11099--11101
[] [] [] []
 []


Underfull \hbox (badness 10000) in alignment at lines 11101--11108
[] [] [] []
 []


Underfull \hbox (badness 10000) in alignment at lines 11118--11130
[] [] [] []
 []


Underfull \hbox (badness 10000) in alignment at lines 11130--11132
[] [] [] []
 []


Underfull \hbox (badness 10000) in alignment at lines 11132--11144
[] [] [] []
 []


Package fancyhdr Warning: \headheight is too small (12.0pt): 
(fancyhdr)                Make it at least 13.59999pt, for example:
(fancyhdr)                \setlength{\headheight}{13.59999pt}.
(fancyhdr)                You might also make \topmargin smaller:
(fancyhdr)                \addtolength{\topmargin}{-1.59999pt}.

[295]
Underfull \hbox (badness 10000) in alignment at lines 11166--11176
[] [] []
 []


Underfull \hbox (badness 10000) in alignment at lines 11176--11178
[] [] []
 []


Underfull \hbox (badness 10000) in alignment at lines 11178--11185
[] [] []
 []




Package fancyhdr Warning: \headheight is too small (12.0pt): 
(fancyhdr)                Make it at least 13.59999pt, for example:
(fancyhdr)                \setlength{\headheight}{13.59999pt}.
(fancyhdr)                You might also make \topmargin smaller:
(fancyhdr)                \addtolength{\topmargin}{-1.59999pt}.

[296]
File: images/2204-four-redefinitions.png Graphic file (type bmp)
<images/2204-four-redefinitions.png>

Underfull \vbox (badness 10000) has occurred while \output is active []




Package fancyhdr Warning: \headheight is too small (12.0pt): 
(fancyhdr)                Make it at least 13.59999pt, for example:
(fancyhdr)                \setlength{\headheight}{13.59999pt}.
(fancyhdr)                You might also make \topmargin smaller:
(fancyhdr)                \addtolength{\topmargin}{-1.59999pt}.

[297]
Underfull \hbox (badness 10000) in alignment at lines 11216--11228
[] [] [] []
 []


Underfull \hbox (badness 10000) in alignment at lines 11228--11230
[] [] [] []
 []


Underfull \hbox (badness 10000) in alignment at lines 11230--11238
[] [] [] []
 []




Package fancyhdr Warning: \headheight is too small (12.0pt): 
(fancyhdr)                Make it at least 13.59999pt, for example:
(fancyhdr)                \setlength{\headheight}{13.59999pt}.
(fancyhdr)                You might also make \topmargin smaller:
(fancyhdr)                \addtolength{\topmargin}{-1.59999pt}.

[298]
File: images/2205-agentic-engineering-loop.png Graphic file (type bmp)
<images/2205-agentic-engineering-loop.png>

Underfull \vbox (badness 10000) has occurred while \output is active []




Package fancyhdr Warning: \headheight is too small (12.0pt): 
(fancyhdr)                Make it at least 13.59999pt, for example:
(fancyhdr)                \setlength{\headheight}{13.59999pt}.
(fancyhdr)                You might also make \topmargin smaller:
(fancyhdr)                \addtolength{\topmargin}{-1.59999pt}.

[299]
Underfull \hbox (badness 10000) in alignment at lines 11309--11313
[] [] []
 []


Underfull \hbox (badness 10000) in alignment at lines 11313--11315
[] [] []
 []


Underfull \hbox (badness 10000) in alignment at lines 11315--11321
[] [] []
 []




Package fancyhdr Warning: \headheight is too small (12.0pt): 
(fancyhdr)                Make it at least 13.59999pt, for example:
(fancyhdr)                \setlength{\headheight}{13.59999pt}.
(fancyhdr)                You might also make \topmargin smaller:
(fancyhdr)                \addtolength{\topmargin}{-1.59999pt}.

[300]
Underfull \hbox (badness 10000) in alignment at lines 11353--11365
[] [] [] []
 []


Underfull \hbox (badness 10000) in alignment at lines 11365--11367
[] [] [] []
 []


Underfull \hbox (badness 10000) in alignment at lines 11367--11374
[] [] [] []
 []

File: images/2206-super-individual.png Graphic file (type bmp)
<images/2206-super-individual.png>

Underfull \vbox (badness 10000) has occurred while \output is active []




Package fancyhdr Warning: \headheight is too small (12.0pt): 
(fancyhdr)                Make it at least 13.59999pt, for example:
(fancyhdr)                \setlength{\headheight}{13.59999pt}.
(fancyhdr)                You might also make \topmargin smaller:
(fancyhdr)                \addtolength{\topmargin}{-1.59999pt}.

[301]
Underfull \vbox (badness 10000) has occurred while \output is active []




Package fancyhdr Warning: \headheight is too small (12.0pt): 
(fancyhdr)                Make it at least 13.59999pt, for example:
(fancyhdr)                \setlength{\headheight}{13.59999pt}.
(fancyhdr)                You might also make \topmargin smaller:
(fancyhdr)                \addtolength{\topmargin}{-1.59999pt}.

[302]


Package fancyhdr Warning: \headheight is too small (12.0pt): 
(fancyhdr)                Make it at least 13.59999pt, for example:
(fancyhdr)                \setlength{\headheight}{13.59999pt}.
(fancyhdr)                You might also make \topmargin smaller:
(fancyhdr)                \addtolength{\topmargin}{-1.59999pt}.

[303]
第十五章

Underfull \hbox (badness 10000) in alignment at lines 11435--11439
[] [] [] []
 []


Underfull \hbox (badness 10000) in alignment at lines 11439--11441
[] [] [] []
 []


Underfull \hbox (badness 10000) in alignment at lines 11441--11446
[] [] [] []
 []



[304

]
Underfull \hbox (badness 10000) in alignment at lines 11456--11460
[] [] []
 []


Underfull \hbox (badness 10000) in alignment at lines 11460--11462
[] [] []
 []


Underfull \hbox (badness 10000) in alignment at lines 11462--11466
[] [] []
 []


Underfull \hbox (badness 10000) in alignment at lines 11481--11495
[] [] [] [] []
 []


Underfull \hbox (badness 10000) in alignment at lines 11495--11497
[] [] [] [] []
 []


Underfull \hbox (badness 10000) in alignment at lines 11497--11506
[] [] [] [] []
 []

File: images/2301-autonomy-levels.png Graphic file (type bmp)
<images/2301-autonomy-levels.png>

Underfull \vbox (badness 10000) has occurred while \output is active []




Package fancyhdr Warning: \headheight is too small (12.0pt): 
(fancyhdr)                Make it at least 13.59999pt, for example:
(fancyhdr)                \setlength{\headheight}{13.59999pt}.
(fancyhdr)                You might also make \topmargin smaller:
(fancyhdr)                \addtolength{\topmargin}{-1.59999pt}.

[305]
Underfull \hbox (badness 10000) in alignment at lines 11523--11527
[] [] []
 []


Underfull \hbox (badness 10000) in alignment at lines 11527--11529
[] [] []
 []


Underfull \hbox (badness 10000) in alignment at lines 11529--11535
[] [] []
 []


Underfull \hbox (badness 10000) in alignment at lines 11550--11562
[] [] [] []
 []


Underfull \hbox (badness 10000) in alignment at lines 11562--11564
[] [] [] []
 []


Underfull \hbox (badness 10000) in alignment at lines 11564--11573
[] [] [] []
 []




Package fancyhdr Warning: \headheight is too small (12.0pt): 
(fancyhdr)                Make it at least 13.59999pt, for example:
(fancyhdr)                \setlength{\headheight}{13.59999pt}.
(fancyhdr)                You might also make \topmargin smaller:
(fancyhdr)                \addtolength{\topmargin}{-1.59999pt}.

[306]
Underfull \hbox (badness 10000) in alignment at lines 11594--11598
[] [] [] []
 []


Underfull \hbox (badness 10000) in alignment at lines 11598--11600
[] [] [] []
 []


Underfull \hbox (badness 10000) in alignment at lines 11600--11605
[] [] [] []
 []




Package fancyhdr Warning: \headheight is too small (12.0pt): 
(fancyhdr)                Make it at least 13.59999pt, for example:
(fancyhdr)                \setlength{\headheight}{13.59999pt}.
(fancyhdr)                You might also make \topmargin smaller:
(fancyhdr)                \addtolength{\topmargin}{-1.59999pt}.

[307]
File: images/2302-autonomous-pipeline.png Graphic file (type bmp)
<images/2302-autonomous-pipeline.png>



Package fancyhdr Warning: \headheight is too small (12.0pt): 
(fancyhdr)                Make it at least 13.59999pt, for example:
(fancyhdr)                \setlength{\headheight}{13.59999pt}.
(fancyhdr)                You might also make \topmargin smaller:
(fancyhdr)                \addtolength{\topmargin}{-1.59999pt}.

[308]
Underfull \hbox (badness 10000) in alignment at lines 11645--11649
[] [] []
 []


Underfull \hbox (badness 10000) in alignment at lines 11649--11651
[] [] []
 []


Underfull \hbox (badness 10000) in alignment at lines 11651--11657
[] [] []
 []

File: images/2303-agent-network.png Graphic file (type bmp)
<images/2303-agent-network.png>

Underfull \vbox (badness 10000) has occurred while \output is active []




Package fancyhdr Warning: \headheight is too small (12.0pt): 
(fancyhdr)                Make it at least 13.59999pt, for example:
(fancyhdr)                \setlength{\headheight}{13.59999pt}.
(fancyhdr)                You might also make \topmargin smaller:
(fancyhdr)                \addtolength{\topmargin}{-1.59999pt}.

[309]
Underfull \hbox (badness 10000) in alignment at lines 11685--11699
[] [] [] [] []
 []


Underfull \hbox (badness 10000) in alignment at lines 11699--11701
[] [] [] [] []
 []


Underfull \hbox (badness 10000) in alignment at lines 11701--11708
[] [] [] [] []
 []




Package fancyhdr Warning: \headheight is too small (12.0pt): 
(fancyhdr)                Make it at least 13.59999pt, for example:
(fancyhdr)                \setlength{\headheight}{13.59999pt}.
(fancyhdr)                You might also make \topmargin smaller:
(fancyhdr)                \addtolength{\topmargin}{-1.59999pt}.

[310]
Underfull \hbox (badness 10000) in alignment at lines 11724--11728
[] [] []
 []


Underfull \hbox (badness 10000) in alignment at lines 11728--11730
[] [] []
 []


Underfull \hbox (badness 10000) in alignment at lines 11730--11735
[] [] []
 []




Package fancyhdr Warning: \headheight is too small (12.0pt): 
(fancyhdr)                Make it at least 13.59999pt, for example:
(fancyhdr)                \setlength{\headheight}{13.59999pt}.
(fancyhdr)                You might also make \topmargin smaller:
(fancyhdr)                \addtolength{\topmargin}{-1.59999pt}.

[311]
File: images/2304-trust-verification.png Graphic file (type bmp)
<images/2304-trust-verification.png>

Underfull \vbox (badness 10000) has occurred while \output is active []




Package fancyhdr Warning: \headheight is too small (12.0pt): 
(fancyhdr)                Make it at least 13.59999pt, for example:
(fancyhdr)                \setlength{\headheight}{13.59999pt}.
(fancyhdr)                You might also make \topmargin smaller:
(fancyhdr)                \addtolength{\topmargin}{-1.59999pt}.

[312]
Underfull \hbox (badness 10000) in alignment at lines 11765--11777
[] [] [] []
 []


Underfull \hbox (badness 10000) in alignment at lines 11777--11779
[] [] [] []
 []


Underfull \hbox (badness 10000) in alignment at lines 11779--11786
[] [] [] []
 []


Underfull \hbox (badness 10000) in alignment at lines 11801--11805
[] [] []
 []


Underfull \hbox (badness 10000) in alignment at lines 11805--11807
[] [] []
 []


Underfull \hbox (badness 10000) in alignment at lines 11807--11813
[] [] []
 []




Package fancyhdr Warning: \headheight is too small (12.0pt): 
(fancyhdr)                Make it at least 13.59999pt, for example:
(fancyhdr)                \setlength{\headheight}{13.59999pt}.
(fancyhdr)                You might also make \topmargin smaller:
(fancyhdr)                \addtolength{\topmargin}{-1.59999pt}.

[313]
File: images/2305-autonomy-governance.png Graphic file (type bmp)
<images/2305-autonomy-governance.png>

Underfull \vbox (badness 10000) has occurred while \output is active []




Package fancyhdr Warning: \headheight is too small (12.0pt): 
(fancyhdr)                Make it at least 13.59999pt, for example:
(fancyhdr)                \setlength{\headheight}{13.59999pt}.
(fancyhdr)                You might also make \topmargin smaller:
(fancyhdr)                \addtolength{\topmargin}{-1.59999pt}.

[314]
File: images/2306-self-healing-loop.png Graphic file (type bmp)
<images/2306-self-healing-loop.png>

Underfull \vbox (badness 10000) has occurred while \output is active []




Package fancyhdr Warning: \headheight is too small (12.0pt): 
(fancyhdr)                Make it at least 13.59999pt, for example:
(fancyhdr)                \setlength{\headheight}{13.59999pt}.
(fancyhdr)                You might also make \topmargin smaller:
(fancyhdr)                \addtolength{\topmargin}{-1.59999pt}.

[315]


Package fancyhdr Warning: \headheight is too small (12.0pt): 
(fancyhdr)                Make it at least 13.59999pt, for example:
(fancyhdr)                \setlength{\headheight}{13.59999pt}.
(fancyhdr)                You might also make \topmargin smaller:
(fancyhdr)                \addtolength{\topmargin}{-1.59999pt}.

[316]
第十六章

Underfull \hbox (badness 10000) in alignment at lines 11869--11881
[] [] [] []
 []


Underfull \hbox (badness 10000) in alignment at lines 11881--11883
[] [] [] []
 []


Underfull \hbox (badness 10000) in alignment at lines 11883--11892
[] [] [] []
 []

File: images/2401-ai-security-vectors.png Graphic file (type bmp)
<images/2401-ai-security-vectors.png>

Underfull \vbox (badness 10000) has occurred while \output is active []



[317

]
Underfull \vbox (badness 10000) has occurred while \output is active []




Package fancyhdr Warning: \headheight is too small (12.0pt): 
(fancyhdr)                Make it at least 13.59999pt, for example:
(fancyhdr)                \setlength{\headheight}{13.59999pt}.
(fancyhdr)                You might also make \topmargin smaller:
(fancyhdr)                \addtolength{\topmargin}{-1.59999pt}.

[318]
Underfull \hbox (badness 10000) in alignment at lines 11925--11937
[] [] [] []
 []


Underfull \hbox (badness 10000) in alignment at lines 11937--11939
[] [] [] []
 []


Underfull \hbox (badness 10000) in alignment at lines 11939--11948
[] [] [] []
 []


Underfull \hbox (badness 10000) in alignment at lines 11959--11963
[] [] []
 []


Underfull \hbox (badness 10000) in alignment at lines 11963--11965
[] [] []
 []


Underfull \hbox (badness 10000) in alignment at lines 11965--11970
[] [] []
 []




Package fancyhdr Warning: \headheight is too small (12.0pt): 
(fancyhdr)                Make it at least 13.59999pt, for example:
(fancyhdr)                \setlength{\headheight}{13.59999pt}.
(fancyhdr)                You might also make \topmargin smaller:
(fancyhdr)                \addtolength{\topmargin}{-1.59999pt}.

[319]
File: images/2402-governance-framework.png Graphic file (type bmp)
<images/2402-governance-framework.png>

Underfull \vbox (badness 10000) has occurred while \output is active []




Package fancyhdr Warning: \headheight is too small (12.0pt): 
(fancyhdr)                Make it at least 13.59999pt, for example:
(fancyhdr)                \setlength{\headheight}{13.59999pt}.
(fancyhdr)                You might also make \topmargin smaller:
(fancyhdr)                \addtolength{\topmargin}{-1.59999pt}.

[320]
Underfull \hbox (badness 10000) in alignment at lines 11996--12008
[] [] [] []
 []


Underfull \hbox (badness 10000) in alignment at lines 12008--12010
[] [] [] []
 []


Underfull \hbox (badness 10000) in alignment at lines 12010--12020
[] [] [] []
 []


Underfull \hbox (badness 10000) in alignment at lines 12032--12044
[] [] [] []
 []


Underfull \hbox (badness 10000) in alignment at lines 12044--12046
[] [] [] []
 []


Underfull \hbox (badness 10000) in alignment at lines 12046--12056
[] [] [] []
 []




Package fancyhdr Warning: \headheight is too small (12.0pt): 
(fancyhdr)                Make it at least 13.59999pt, for example:
(fancyhdr)                \setlength{\headheight}{13.59999pt}.
(fancyhdr)                You might also make \topmargin smaller:
(fancyhdr)                \addtolength{\topmargin}{-1.59999pt}.

[321]
Underfull \hbox (badness 10000) in alignment at lines 12072--12076
[] [] [] []
 []


Underfull \hbox (badness 10000) in alignment at lines 12076--12078
[] [] [] []
 []


Underfull \hbox (badness 10000) in alignment at lines 12078--12083
[] [] [] []
 []

File: images/2403-org-evolution.png Graphic file (type bmp)
<images/2403-org-evolution.png>



Package fancyhdr Warning: \headheight is too small (12.0pt): 
(fancyhdr)                Make it at least 13.59999pt, for example:
(fancyhdr)                \setlength{\headheight}{13.59999pt}.
(fancyhdr)                You might also make \topmargin smaller:
(fancyhdr)                \addtolength{\topmargin}{-1.59999pt}.

[322]
Underfull \hbox (badness 10000) in alignment at lines 12099--12103
[] [] []
 []


Underfull \hbox (badness 10000) in alignment at lines 12103--12105
[] [] []
 []


Underfull \hbox (badness 10000) in alignment at lines 12105--12111
[] [] []
 []


Underfull \hbox (badness 10000) in alignment at lines 12127--12137
[] [] []
 []


Underfull \hbox (badness 10000) in alignment at lines 12137--12139
[] [] []
 []


Underfull \hbox (badness 10000) in alignment at lines 12139--12146
[] [] []
 []


Package fancyhdr Warning: \headheight is too small (12.0pt): 
(fancyhdr)                Make it at least 13.59999pt, for example:
(fancyhdr)                \setlength{\headheight}{13.59999pt}.
(fancyhdr)                You might also make \topmargin smaller:
(fancyhdr)                \addtolength{\topmargin}{-1.59999pt}.

[323]
Underfull \hbox (badness 10000) in alignment at lines 12160--12164
[] [] []
 []


Underfull \hbox (badness 10000) in alignment at lines 12164--12166
[] [] []
 []


Underfull \hbox (badness 10000) in alignment at lines 12166--12171
[] [] []
 []




Package fancyhdr Warning: \headheight is too small (12.0pt): 
(fancyhdr)                Make it at least 13.59999pt, for example:
(fancyhdr)                \setlength{\headheight}{13.59999pt}.
(fancyhdr)                You might also make \topmargin smaller:
(fancyhdr)                \addtolength{\topmargin}{-1.59999pt}.

[324]
File: images/2404-audit-accountability.png Graphic file (type bmp)
<images/2404-audit-accountability.png>

Underfull \hbox (badness 10000) in alignment at lines 12196--12200
[] [] []
 []


Underfull \hbox (badness 10000) in alignment at lines 12200--12202
[] [] []
 []


Underfull \hbox (badness 10000) in alignment at lines 12202--12206
[] [] []
 []


Underfull \vbox (badness 10000) has occurred while \output is active []




Package fancyhdr Warning: \headheight is too small (12.0pt): 
(fancyhdr)                Make it at least 13.59999pt, for example:
(fancyhdr)                \setlength{\headheight}{13.59999pt}.
(fancyhdr)                You might also make \topmargin smaller:
(fancyhdr)                \addtolength{\topmargin}{-1.59999pt}.

[325]
Underfull \hbox (badness 10000) in alignment at lines 12220--12224
[] [] []
 []


Underfull \hbox (badness 10000) in alignment at lines 12224--12226
[] [] []
 []


Underfull \hbox (badness 10000) in alignment at lines 12226--12230
[] [] []
 []

File: images/2405-se30-future.png Graphic file (type bmp)
<images/2405-se30-future.png>

Underfull \vbox (badness 10000) has occurred while \output is active []




Package fancyhdr Warning: \headheight is too small (12.0pt): 
(fancyhdr)                Make it at least 13.59999pt, for example:
(fancyhdr)                \setlength{\headheight}{13.59999pt}.
(fancyhdr)                You might also make \topmargin smaller:
(fancyhdr)                \addtolength{\topmargin}{-1.59999pt}.

[326]
Underfull \vbox (badness 10000) has occurred while \output is active []




Package fancyhdr Warning: \headheight is too small (12.0pt): 
(fancyhdr)                Make it at least 13.59999pt, for example:
(fancyhdr)                \setlength{\headheight}{13.59999pt}.
(fancyhdr)                You might also make \topmargin smaller:
(fancyhdr)                \addtolength{\topmargin}{-1.59999pt}.

[327]
File: images/2406-se30-roadmap.png Graphic file (type bmp)
<images/2406-se30-roadmap.png>

Underfull \vbox (badness 10000) has occurred while \output is active []




Package fancyhdr Warning: \headheight is too small (12.0pt): 
(fancyhdr)                Make it at least 13.59999pt, for example:
(fancyhdr)                \setlength{\headheight}{13.59999pt}.
(fancyhdr)                You might also make \topmargin smaller:
(fancyhdr)                \addtolength{\topmargin}{-1.59999pt}.

[328]


Package fancyhdr Warning: \headheight is too small (12.0pt): 
(fancyhdr)                Make it at least 13.59999pt, for example:
(fancyhdr)                \setlength{\headheight}{13.59999pt}.
(fancyhdr)                You might also make \topmargin smaller:
(fancyhdr)                \addtolength{\topmargin}{-1.59999pt}.

[329]
Underfull \vbox (badness 10000) has occurred while \output is active []



[330

]
Underfull \vbox (badness 10000) has occurred while \output is active []




Package fancyhdr Warning: \headheight is too small (12.0pt): 
(fancyhdr)                Make it at least 13.59999pt, for example:
(fancyhdr)                \setlength{\headheight}{13.59999pt}.
(fancyhdr)                You might also make \topmargin smaller:
(fancyhdr)                \addtolength{\topmargin}{-1.59999pt}.

[331]

Package caption Warning: Unused \captionsetup[table] on input line 50.
See the caption package documentation for explanation.




Package fancyhdr Warning: \headheight is too small (12.0pt): 
(fancyhdr)                Make it at least 13.59999pt, for example:
(fancyhdr)                \setlength{\headheight}{13.59999pt}.
(fancyhdr)                You might also make \topmargin smaller:
(fancyhdr)                \addtolength{\topmargin}{-1.59999pt}.

[332] (build/whitepaper.aux)
 ***********
LaTeX2e <2024-11-01> patch level 2
L3 programming layer <2022/08/05>
 ***********
Package rerunfilecheck Info: File `whitepaper.out' has not changed.
(rerunfilecheck)             Checksum: 9A7340FCDC0EA5369C8BC80B844ADFC1;43944.
 ) 
Here is how much of TeX's memory you used:
 23695 strings out of 973832
 566927 string characters out of 5733158
 2879266 words of memory out of 7492883
 46197 multiletter control sequences out of 15000+600000
 567655 words of font info for 124 fonts, out of 8000000 for 9000
 1348 hyphenation exceptions out of 8191
 93i,13n,111p,1198b,645s stack positions out of 10000i,1000n,20000p,200000b,200000s

Output written on build/whitepaper.xdv (332 pages, 4283916 bytes).
